case_label,diag_csv,window,side,touchdown_time_sec,actuator_name,lag_ms,lag_corr,raw_corr,gain,hysteresis_area,stiction_ratio,shape_flag
25/0.4 all_ankles,t27_tracking_lag_b1_diag_20260430_100024.csv,swing,left,1777514424.748999,left_ankle_left_actuator,10.001420974731445,0.32683159738099876,-0.43320804091024995,-0.15058820873361092,0.6258723803503935,0.3333333333333333,"backlash_like,low_realization_gain"
25/0.4 all_ankles,t27_tracking_lag_b1_diag_20260430_100024.csv,swing,left,1777514424.748999,left_ankle_right_actuator,40.00568389892578,0.0875896553181358,0.4441893632601128,0.19252549774550645,0.49390123168226385,0.35294117647058826,"stick_slip_like,backlash_like,low_realization_gain"
25/0.4 all_ankles,t27_tracking_lag_b1_diag_20260430_100024.csv,touchdown,left,1777514424.748999,left_ankle_left_actuator,10.065078735351562,0.7081942307489845,0.7584804691843919,0.08026724119570082,0.7428134697333283,0.2857142857142857,"backlash_like,low_realization_gain"
25/0.4 all_ankles,t27_tracking_lag_b1_diag_20260430_100024.csv,touchdown,left,1777514424.748999,left_ankle_right_actuator,140.91110229492188,0.0,nan,nan,nan,nan,overall_slow
25/0.4 all_ankles,t27_tracking_lag_b1_diag_20260430_100024.csv,swing,right,1777514425.0488515,right_ankle_left_actuator,199.4037628173828,0.46936319534038917,0.4718544594427233,0.8825668650094542,0.5530695006782687,0.1111111111111111,"overall_slow,backlash_like"
25/0.4 all_ankles,t27_tracking_lag_b1_diag_20260430_100024.csv,swing,right,1777514425.0488515,right_ankle_right_actuator,0.0,0.8958754637017204,0.6676452727684681,0.31911158766199127,0.43927232941021915,0.0,backlash_like
25/0.4 all_ankles,t27_tracking_lag_b1_diag_20260430_100024.csv,touchdown,right,1777514425.0488515,right_ankle_left_actuator,39.92462158203125,0.33026336415409746,-0.026969391146246455,-0.005509320525153915,1.424390840862737,0.14285714285714285,"backlash_like,low_realization_gain"
25/0.4 all_ankles,t27_tracking_lag_b1_diag_20260430_100024.csv,touchdown,right,1777514425.0488515,right_ankle_right_actuator,0.0,0.9088238057016176,0.9856528463408109,0.3401333238481223,0.11071318614114178,0.0,mostly_linear
25/0.4 all_ankles,t27_tracking_lag_b1_diag_20260430_100024.csv,swing,left,1777514425.3588588,left_ankle_left_actuator,201.45416259765625,1.0710939854295427,0.9698621640775807,0.80161755250281,0.29408865313432864,0.14285714285714285,"overall_slow,backlash_like"
25/0.4 all_ankles,t27_tracking_lag_b1_diag_20260430_100024.csv,swing,left,1777514425.3588588,left_ankle_right_actuator,20.145416259765625,0.9054705045913307,0.9057430036341986,0.38680022969307076,0.22384980179495642,0.3333333333333333,backlash_like
25/0.4 all_ankles,t27_tracking_lag_b1_diag_20260430_100024.csv,touchdown,left,1777514425.3588588,left_ankle_left_actuator,39.867401123046875,0.5152081865460809,-0.572743130206916,-0.896981123378011,0.7073694667500235,0.2222222222222222,backlash_like
25/0.4 all_ankles,t27_tracking_lag_b1_diag_20260430_100024.csv,touchdown,left,1777514425.3588588,left_ankle_right_actuator,0.0,0.7751585544645485,0.9672768960632113,0.3049028208891338,0.3479105453713428,0.2222222222222222,backlash_like
25/0.4 all_ankles,t27_tracking_lag_b1_diag_20260430_100024.csv,swing,right,1777514425.7388427,right_ankle_left_actuator,0.0,0.9356075567821288,0.4632255276631394,0.11019907041154023,0.20570223188032744,0.21428571428571427,"backlash_like,low_realization_gain"
25/0.4 all_ankles,t27_tracking_lag_b1_diag_20260430_100024.csv,swing,right,1777514425.7388427,right_ankle_right_actuator,150.19655227661133,0.28549348024163573,0.7141940937816977,0.2131454040759685,0.2226462448819563,0.35714285714285715,"overall_slow,stick_slip_like,backlash_like"
25/0.4 all_ankles,t27_tracking_lag_b1_diag_20260430_100024.csv,touchdown,right,1777514425.7388427,right_ankle_left_actuator,139.86635208129883,0.0,nan,nan,nan,nan,overall_slow
25/0.4 all_ankles,t27_tracking_lag_b1_diag_20260430_100024.csv,touchdown,right,1777514425.7388427,right_ankle_right_actuator,0.0,0.5131030456763622,0.9457502027067094,0.04818723913919516,0.5179259799060028,0.0,"backlash_like,low_realization_gain"
30/0.4 all_ankles,t27_tracking_lag_b1_diag_20260430_100314.csv,swing,left,1777514594.847755,left_ankle_left_actuator,0.0,0.6451063813066163,-0.07291935805883659,-0.02926566215582529,0.4901117905119548,0.0,"backlash_like,low_realization_gain"
30/0.4 all_ankles,t27_tracking_lag_b1_diag_20260430_100314.csv,swing,left,1777514594.847755,left_ankle_right_actuator,199.11766052246094,0.16997389762563986,-0.41616972298577054,-0.2888345027153348,0.6746738717927289,0.0,"overall_slow,backlash_like"
30/0.4 all_ankles,t27_tracking_lag_b1_diag_20260430_100314.csv,touchdown,left,1777514594.847755,left_ankle_left_actuator,0.0,0.780983307898987,0.7466276575607059,0.11274153732638699,0.2778431395140539,0.2,"backlash_like,low_realization_gain"
30/0.4 all_ankles,t27_tracking_lag_b1_diag_20260430_100314.csv,touchdown,left,1777514594.847755,left_ankle_right_actuator,39.928436279296875,0.2566304165596792,0.7416143123551735,0.07017115242363253,0.3115060460298764,0.0,"backlash_like,low_realization_gain"
30/0.4 all_ankles,t27_tracking_lag_b1_diag_20260430_100314.csv,swing,right,1777514595.1277688,right_ankle_left_actuator,196.1994171142578,0.7298063610261741,0.3895807244886692,0.19727694009862337,1.0951325479114304,0.2,"overall_slow,backlash_like,low_realization_gain"
30/0.4 all_ankles,t27_tracking_lag_b1_diag_20260430_100314.csv,swing,right,1777514595.1277688,right_ankle_right_actuator,9.80997085571289,0.7623057164147851,0.8782053179683061,0.3157777668685653,0.23013871775615719,0.15384615384615385,backlash_like
30/0.4 all_ankles,t27_tracking_lag_b1_diag_20260430_100314.csv,touchdown,right,1777514595.1277688,right_ankle_left_actuator,19.805431365966797,0.5008010277814565,-0.7522442406703106,-0.10313699116634352,0.4347360791004844,0.42857142857142855,"stick_slip_like,backlash_like,low_realization_gain"
30/0.4 all_ankles,t27_tracking_lag_b1_diag_20260430_100314.csv,touchdown,right,1777514595.1277688,right_ankle_right_actuator,0.0,0.3399561894221375,0.9305112553751416,0.14277779308413036,0.26775818376649757,0.42857142857142855,"stick_slip_like,backlash_like,low_realization_gain"
30/0.4 all_ankles,t27_tracking_lag_b1_diag_20260430_100314.csv,swing,left,1777514595.4976962,left_ankle_left_actuator,39.450645446777344,0.74884159487163,0.3090108314589387,0.7846042666098411,0.08063699088206401,0.14285714285714285,mostly_linear
30/0.4 all_ankles,t27_tracking_lag_b1_diag_20260430_100314.csv,swing,left,1777514595.4976962,left_ankle_right_actuator,0.0,0.9412130843138293,0.9704405360495615,0.4747233023453181,0.1530052893235772,0.04,mostly_linear
30/0.4 all_ankles,t27_tracking_lag_b1_diag_20260430_100314.csv,touchdown,left,1777514595.4976962,left_ankle_left_actuator,0.0,0.8711210732919336,0.5703771622131516,0.26633323635927875,0.52753869050684,0.25,backlash_like
30/0.4 all_ankles,t27_tracking_lag_b1_diag_20260430_100314.csv,touchdown,left,1777514595.4976962,left_ankle_right_actuator,0.0,0.9094251333772021,0.4782625975399524,0.22614553103018073,0.4923786946668043,0.18181818181818182,backlash_like
30/0.4 all_ankles,t27_tracking_lag_b1_diag_20260430_100314.csv,swing,right,1777514595.8676746,right_ankle_left_actuator,0.0,0.8669520069557132,0.8692093493931521,0.21066362584778658,0.2078942018164174,0.2,backlash_like
30/0.4 all_ankles,t27_tracking_lag_b1_diag_20260430_100314.csv,swing,right,1777514595.8676746,right_ankle_right_actuator,171.1711883544922,0.3860463266756741,0.8249999656933513,0.2142764282469124,0.33296095379458124,0.1,"overall_slow,backlash_like"
30/0.4 all_ankles,t27_tracking_lag_b1_diag_20260430_100314.csv,touchdown,right,1777514595.8676746,right_ankle_left_actuator,0.0,0.7687184990830171,0.6002630789868753,0.1159603768500103,0.27080566341365647,0.0,"backlash_like,low_realization_gain"
30/0.4 all_ankles,t27_tracking_lag_b1_diag_20260430_100314.csv,touchdown,right,1777514595.8676746,right_ankle_right_actuator,0.0,0.687425809499999,-0.2606831532920984,-0.06147987808948374,0.26670404363581146,0.0,"backlash_like,low_realization_gain"
35/0.5 all_ankles,t27_tracking_lag_b1_diag_20260430_100705.csv,swing,left,1777514825.8477206,left_ankle_left_actuator,0.0,0.7043836751860441,0.16079298202917017,0.08874774466292919,0.19160514855334837,0.16666666666666666,"backlash_like,low_realization_gain"
35/0.5 all_ankles,t27_tracking_lag_b1_diag_20260430_100705.csv,swing,left,1777514825.8477206,left_ankle_right_actuator,199.74231719970703,0.6632593024834739,0.3654130422527631,0.1918181608607424,0.39102918972082806,0.1111111111111111,"overall_slow,backlash_like,low_realization_gain"
35/0.5 all_ankles,t27_tracking_lag_b1_diag_20260430_100705.csv,touchdown,left,1777514825.8477206,left_ankle_left_actuator,0.0,0.7731607644690761,0.8271650489943742,0.27883701771616903,0.04901148316936293,0.4444444444444444,stick_slip_like
35/0.5 all_ankles,t27_tracking_lag_b1_diag_20260430_100705.csv,touchdown,left,1777514825.8477206,left_ankle_right_actuator,29.577970504760742,0.07169857154118578,-0.6924974011936316,-0.18746407187173084,0.58787653698021,0.3333333333333333,"backlash_like,low_realization_gain"
35/0.5 all_ankles,t27_tracking_lag_b1_diag_20260430_100705.csv,swing,right,1777514826.1375866,right_ankle_left_actuator,177.18029022216797,1.5974150705561878,0.9132672501233263,0.7553401691927131,0.14708992295971002,0.1111111111111111,overall_slow
35/0.5 all_ankles,t27_tracking_lag_b1_diag_20260430_100705.csv,swing,right,1777514826.1375866,right_ankle_right_actuator,9.84334945678711,0.851530859665778,0.8590800341233243,0.2783624902094893,0.004437080002094749,0.1875,mostly_linear
35/0.5 all_ankles,t27_tracking_lag_b1_diag_20260430_100705.csv,touchdown,right,1777514826.1375866,right_ankle_left_actuator,0.0,0.8760074720799007,0.5854968415390946,0.08858550181361413,0.15373525831453272,0.2857142857142857,low_realization_gain
35/0.5 all_ankles,t27_tracking_lag_b1_diag_20260430_100705.csv,touchdown,right,1777514826.1375866,right_ankle_right_actuator,159.149169921875,0.0,nan,nan,nan,nan,overall_slow
35/0.5 all_ankles,t27_tracking_lag_b1_diag_20260430_100705.csv,swing,left,1777514826.4476342,left_ankle_left_actuator,19.66381072998047,0.8471848845288568,0.5158118674071743,0.3685266640795998,0.04632827552126581,0.0,mostly_linear
35/0.5 all_ankles,t27_tracking_lag_b1_diag_20260430_100705.csv,swing,left,1777514826.4476342,left_ankle_right_actuator,0.0,0.9255791190292502,0.6865905673167905,0.37178640507799443,0.2403274390669009,0.09090909090909091,backlash_like
35/0.5 all_ankles,t27_tracking_lag_b1_diag_20260430_100705.csv,touchdown,left,1777514826.4476342,left_ankle_left_actuator,0.0,0.8586774641091509,0.9943453804207106,0.47222386344622114,0.10347843672936799,0.14285714285714285,mostly_linear
35/0.5 all_ankles,t27_tracking_lag_b1_diag_20260430_100705.csv,touchdown,left,1777514826.4476342,left_ankle_right_actuator,0.0,0.5903977783127633,-0.5243172444007235,-2.43866637118651,0.025654230594435824,0.5833333333333334,stick_slip_like
35/0.5 all_ankles,t27_tracking_lag_b1_diag_20260430_100705.csv,swing,right,1777514826.837477,right_ankle_left_actuator,0.0,0.29180123742197733,0.6909311573152157,0.20687272104325619,0.48947957794410374,0.625,"stick_slip_like,backlash_like"
35/0.5 all_ankles,t27_tracking_lag_b1_diag_20260430_100705.csv,swing,right,1777514826.837477,right_ankle_right_actuator,0.0,0.21682508194160413,-0.5082844523587802,-0.1279583038395215,0.47344847513706756,0.2,"backlash_like,low_realization_gain"
35/0.5 all_ankles,t27_tracking_lag_b1_diag_20260430_100705.csv,touchdown,right,1777514826.837477,right_ankle_left_actuator,0.0,0.0,nan,0.0,0.0,1.0,"stick_slip_like,low_realization_gain"
35/0.5 all_ankles,t27_tracking_lag_b1_diag_20260430_100705.csv,touchdown,right,1777514826.837477,right_ankle_right_actuator,0.0,0.0,nan,0.0,0.0,1.0,"stick_slip_like,low_realization_gain"
40/0.8 all_ankles,t27_tracking_lag_b1_diag_20260430_101404.csv,swing,left,1777515244.4189363,left_ankle_left_actuator,0.0,0.4471812265391943,0.7453031732335279,0.22704838113524423,0.024274747833329887,0.3333333333333333,mostly_linear
40/0.8 all_ankles,t27_tracking_lag_b1_diag_20260430_101404.csv,swing,left,1777515244.4189363,left_ankle_right_actuator,170.3038215637207,0.8452592742758372,0.7727089066388915,1.0291162437509034,0.46446200777577085,0.46153846153846156,"overall_slow,stick_slip_like,backlash_like"
40/0.8 all_ankles,t27_tracking_lag_b1_diag_20260430_101404.csv,touchdown,left,1777515244.4189363,left_ankle_left_actuator,0.0,0.751426413116873,0.9722726308025316,0.26119125641534013,0.09896715738744918,0.2,mostly_linear
40/0.8 all_ankles,t27_tracking_lag_b1_diag_20260430_101404.csv,touchdown,left,1777515244.4189363,left_ankle_right_actuator,30.20167350769043,0.6569083548354008,-0.4839653550801638,-0.09778914138724945,0.5321814002855138,0.5714285714285714,"stick_slip_like,backlash_like,low_realization_gain"
40/0.8 all_ankles,t27_tracking_lag_b1_diag_20260430_101404.csv,swing,right,1777515244.758935,right_ankle_left_actuator,189.85939025878906,0.6182553650365958,0.9187353739859686,0.5463566532198061,0.5579188708214856,0.2222222222222222,"overall_slow,backlash_like"
40/0.8 all_ankles,t27_tracking_lag_b1_diag_20260430_101404.csv,swing,right,1777515244.758935,right_ankle_right_actuator,0.0,0.7419406183704995,0.87283599956898,0.18273504795203444,0.3330583556785262,0.35294117647058826,"stick_slip_like,backlash_like,low_realization_gain"
40/0.8 all_ankles,t27_tracking_lag_b1_diag_20260430_101404.csv,touchdown,right,1777515244.758935,right_ankle_left_actuator,0.0,0.31577097922488784,-0.2504522815207811,-0.02235059545495195,0.002199983799812111,0.125,low_realization_gain
40/0.8 all_ankles,t27_tracking_lag_b1_diag_20260430_101404.csv,touchdown,right,1777515244.758935,right_ankle_right_actuator,40.065765380859375,0.21372452943383796,0.21886822969592934,0.016836968694834552,0.07761542318747543,0.14285714285714285,low_realization_gain
40/0.8 all_ankles,t27_tracking_lag_b1_diag_20260430_101404.csv,swing,left,1777515245.0688696,left_ankle_left_actuator,20.032882690429688,0.6932963165007033,0.6436783911603208,0.5314059611294852,0.07459460287375788,0.09090909090909091,mostly_linear
40/0.8 all_ankles,t27_tracking_lag_b1_diag_20260430_101404.csv,swing,left,1777515245.0688696,left_ankle_right_actuator,0.0,0.8996370668087035,0.794221614639429,0.4590093836406798,0.24624596690848075,0.13043478260869565,backlash_like
40/0.8 all_ankles,t27_tracking_lag_b1_diag_20260430_101404.csv,touchdown,left,1777515245.0688696,left_ankle_left_actuator,0.0,0.7045062954183513,0.9821158269766906,0.3481443149407734,0.17155272228075288,0.125,mostly_linear
40/0.8 all_ankles,t27_tracking_lag_b1_diag_20260430_101404.csv,touchdown,left,1777515245.0688696,left_ankle_right_actuator,30.150175094604492,0.8252168030806822,-0.582958666130253,-0.7729346399208481,0.6047662841885707,0.5,"stick_slip_like,backlash_like"
40/0.8 all_ankles,t27_tracking_lag_b1_diag_20260430_101404.csv,swing,right,1777515245.4290211,right_ankle_left_actuator,0.0,0.9185147063809258,0.7472607860109284,0.6137532976265812,0.137483165665437,0.05555555555555555,mostly_linear
40/0.8 all_ankles,t27_tracking_lag_b1_diag_20260430_101404.csv,swing,right,1777515245.4290211,right_ankle_right_actuator,9.984493255615234,0.9504836510806783,0.7502726716832268,0.5922808657261408,0.26049806430432615,0.17391304347826086,backlash_like
40/0.8 all_ankles,t27_tracking_lag_b1_diag_20260430_101404.csv,touchdown,right,1777515245.4290211,right_ankle_left_actuator,0.0,0.8674882332898318,0.861840888398771,0.35619423818474105,0.11781963780522911,0.2,mostly_linear
40/0.8 all_ankles,t27_tracking_lag_b1_diag_20260430_101404.csv,touchdown,right,1777515245.4290211,right_ankle_right_actuator,10.017156600952148,0.8976180721231085,0.09046862367276513,0.08327795449275145,0.09377908542465882,0.18181818181818182,low_realization_gain
