kp_case,dataset,phase,role,side,joint,case_count,curve_count,mean_duration_sec,mean_target_direction_change_rate_hz,mean_joint_direction_change_rate_hz,mean_target_extrema_rate_hz,mean_joint_extrema_rate_hz,mean_target_dominant_freq_hz,mean_joint_dominant_freq_hz,mean_target_range_rad,mean_joint_range_rad,mean_target_path_rate_radps,mean_joint_path_rate_radps,mean_tracking_err_rms_rad
kp25_kd0.4,real,complete_support,support_leg,left,ankle_pitch,1,3,0.32994914054870605,23.013898863955045,5.952851505485764,21.29391188608968,3.4388699776552776,3.1912491459079084,3.966778706338957,0.3732453333333334,0.31667993333333333,3.3905898193496817,1.3646279092978757,0.33433046178715936
kp25_kd0.4,real,complete_support,support_leg,left,ankle_roll,1,3,0.32994914054870605,26.851873735845526,11.642811233176735,25.925881307945286,8.467937011391705,3.1912491459079084,3.1912491459079084,0.6481788666666667,0.2541671,3.7752642419481908,1.6005128231092185,0.3046415366943915
kp25_kd0.4,real,complete_support,support_leg,left,hip_pitch,1,3,0.32994914054870605,42.19885535441977,3.3068720997201537,42.19885535441977,1.5868851218547881,9.2502650657171,3.1912491459079084,1.2905781333333333,0.34745200000000004,15.638129268184622,1.380176437522234,0.4777207834421153
kp25_kd0.4,real,complete_support,support_leg,left,hip_roll,1,3,0.32994914054870605,27.383177181812382,12.567699683001527,21.56232355426174,9.921720277235915,3.1912491459079084,3.1912491459079084,1.3672086666666665,0.1117905,11.755057924278221,0.4912663591407383,0.49897560507976974
kp25_kd0.4,real,complete_support,support_leg,left,knee_pitch,1,3,0.32994914054870605,37.17199627683425,3.307976077795607,37.17199627683425,0.793994549965121,3.1912491459079084,3.1912491459079084,1.0149857666666666,0.4430713333333334,5.890442897767564,1.8540154693088482,0.289941741806383
kp25_kd0.4,real,complete_support,support_leg,right,ankle_pitch,1,3,0.31007814407348633,25.60228022746124,11.062213826778546,22.600339339831425,9.101341016442307,1.9619444962488635,3.152130702465255,0.49489266666666665,0.15131206666666666,4.753700047939831,0.7737075983737186,0.36038032928728053
kp25_kd0.4,real,complete_support,support_leg,right,ankle_roll,1,3,0.31007814407348633,33.47752132582962,21.628070193406376,33.47752132582962,20.64763378823826,4.342316908681647,4.342316908681647,0.6580326666666666,0.10971036666666667,5.8569141092332275,0.861451768505911,0.2507976170562252
kp25_kd0.4,real,complete_support,support_leg,right,hip_pitch,1,3,0.31007814407348633,57.248359345948614,4.236208064446816,57.248359345948614,2.214703581985118,3.152130702465255,4.104554638914285,1.1394696,0.11255766666666667,14.590873684107345,0.5630954309448981,0.2702713323084986
kp25_kd0.4,real,complete_support,support_leg,right,hip_roll,1,3,0.31007814407348633,32.4970849206615,9.320285106663789,29.434512360906226,6.318344219033971,5.35183746848148,3.152130702465255,1.6712999999999998,0.08731046666666666,13.853713432732812,0.4039630157999641,0.6926481528348889
kp25_kd0.4,real,complete_support,support_leg,right,knee_pitch,1,3,0.31007814407348633,45.07314168660398,5.216644469614935,42.01056912684871,2.214703581985118,3.152130702465255,3.152130702465255,0.7076166666666667,0.209456,4.789894454939688,1.1066730766932584,0.1818244083027678
kp25_kd0.4,real,complete_swing,swing_leg,left,ankle_pitch,1,2,0.30502521991729736,35.78111678780781,4.792709980729857,30.607660649604636,3.322055372977677,4.9991945233227195,3.2139152139981326,0.2675856,0.40340005,2.4799967336662228,2.0400132503121013,0.15375273510113444
kp25_kd0.4,real,complete_swing,swing_leg,left,ankle_roll,1,2,0.30502521991729736,33.548969865109,8.114765353707533,32.07831525735682,8.114765353707533,3.2139152139981326,3.2139152139981326,0.36417449999999996,0.4137615,2.1138077954833334,2.6937488486100296,0.20797589564969982
kp25_kd0.4,real,complete_swing,swing_leg,left,hip_pitch,1,2,0.30502521991729736,44.27662829898866,3.322055372977677,44.27662829898866,3.322055372977677,3.2139152139981326,3.2139152139981326,0.97356625,0.259821,7.772165990379127,1.3179062707720675,0.29780438782407226
kp25_kd0.4,real,complete_swing,swing_leg,left,hip_roll,1,2,0.30502521991729736,37.6848475751744,1.4706546077521794,34.36279220219673,0.0,4.9991945233227195,3.2139152139981326,0.9470239999999999,0.08791755,6.202694975613028,0.31496424290930747,0.29942765775333136
kp25_kd0.4,real,complete_swing,swing_leg,left,knee_pitch,1,2,0.30502521991729736,22.492895295897103,3.322055372977677,22.492895295897103,3.322055372977677,3.2139152139981326,3.2139152139981326,0.972244,0.749171,4.977652625800676,3.8931589167089573,0.44258159427767485
kp25_kd0.4,real,complete_swing,swing_leg,right,ankle_pitch,1,3,0.32994914054870605,27.118077447866682,7.4077387494054285,23.017210798181406,4.100866649685275,4.706003125860206,3.1912491459079084,0.3394272333333333,0.5101571333333333,4.503540686878514,2.130185839224082,0.1918262846233004
kp25_kd0.4,real,complete_swing,swing_leg,right,ankle_roll,1,3,0.32994914054870605,38.49378166474333,14.286582682791439,37.69978711477821,13.360590254891193,3.1912491459079084,4.092214751432471,0.6900602666666665,0.18470573333333332,5.657079518341977,1.3051069215126088,0.13377041890677105
kp25_kd0.4,real,complete_swing,swing_leg,right,hip_pitch,1,3,0.32994914054870605,33.999129337403595,5.82085362755064,33.999129337403595,3.3068720997201537,3.1912491459079084,3.1912491459079084,1.0491606666666666,0.2085606666666667,12.188337890271255,0.9710331602678638,0.3231944936870709
kp25_kd0.4,real,complete_swing,swing_leg,right,hip_roll,1,3,0.32994914054870605,32.40893228132245,11.509709377166155,29.102060181602297,4.761759343639818,3.1912491459079084,3.1912491459079084,1.7,0.04576446333333334,11.81678973780082,0.25065965988732836,0.6162364628096452
kp25_kd0.4,real,complete_swing,swing_leg,right,knee_pitch,1,3,0.32994914054870605,35.582702525032026,1.7199869778653654,35.582702525032026,1.7199869778653654,3.1912491459079084,3.1912491459079084,0.8899793333333333,0.9186126666666666,5.2133919397684485,4.356600239559983,0.5116632325980385
kp25_kd0.4,sim,complete_support,support_leg,left,ankle_pitch,1,4,0.47000014781951904,16.296510465624657,9.312512233313274,14.672436889938393,8.618075404934356,2.6724761899715395,2.9412935809726606,0.7246809999999999,0.18043125,4.129202462068653,0.9224274695412465,0.35993754173734915
kp25_kd0.4,sim,complete_support,support_leg,left,ankle_roll,1,4,0.47000014781951904,25.16422050890614,10.550427700020544,21.758752828184257,7.209966439650246,2.6724761899715395,2.6724761899715395,0.5085301675,0.141136975,1.9243618722855076,0.6550711426217466,0.2969326008387054
kp25_kd0.4,sim,complete_support,support_leg,left,hip_pitch,1,4,0.47000014781951904,30.90936511903629,4.390879136791256,30.90936511903629,2.1675522140146164,2.6724761899715395,2.6724761899715395,0.68813974,0.21507475000000004,4.263758518815607,0.7934678364508092,0.21425062988117283
kp25_kd0.4,sim,complete_support,support_leg,left,hip_roll,1,4,0.47000014781951904,25.60615332664716,5.7989881020753655,21.372594719205264,4.983770144582836,2.6724761899715395,2.6724761899715395,1.1289065,0.13853533,5.319378898133392,0.625202801118907,0.42818745524543955
kp25_kd0.4,sim,complete_support,support_leg,left,knee_pitch,1,4,0.47000014781951904,13.382239681477124,5.1997347549849895,13.382239681477124,1.8958128948504398,2.6724761899715395,2.6724761899715395,1.123701775,0.42048225000000006,4.466085586436115,1.2578008662335656,0.2449047503861885
kp25_kd0.4,sim,complete_support,support_leg,right,ankle_pitch,1,2,0.37999796867370605,24.289824122701624,8.096608040900541,18.892085428767928,8.096608040900541,2.6262682919946556,2.6262682919946556,0.76,0.164366,3.4775641132517805,0.7721470563522483,0.39847109036673484
kp25_kd0.4,sim,complete_support,support_leg,right,ankle_roll,1,2,0.37999796867370605,27.272852267319568,10.369367037534458,27.272852267319568,6.960228542583583,2.6262682919946556,4.14140996341273,0.38665505,0.055632089999999995,1.9782868530919897,0.36871226690787384,0.2230563944719584
kp25_kd0.4,sim,complete_support,support_leg,right,hip_pitch,1,2,0.37999796867370605,28.12507296798543,3.8352488452838056,26.562583119335542,3.8352488452838056,2.6262682919946556,2.6262682919946556,0.99334685,0.26580899999999996,5.169072409863123,1.409161830614166,0.36931517350695564
kp25_kd0.4,sim,complete_support,support_leg,right,hip_roll,1,2,0.37999796867370605,21.44900322305294,9.2329875392175,18.750133876086096,8.096608040900541,2.6262682919946556,2.6262682919946556,1.333361,0.1367255,6.227363081119597,0.6698450396469074,0.4512833801639346
kp25_kd0.4,sim,complete_support,support_leg,right,knee_pitch,1,2,0.37999796867370605,12.642126034168374,3.8352488452838056,12.642126034168374,0.0,2.6262682919946556,2.6262682919946556,1.010403,0.40448500000000004,3.9411809247049714,1.2525021219074528,0.2812083176985592
kp25_kd0.4,sim,complete_swing,swing_leg,left,ankle_pitch,1,2,0.37999796867370605,26.13647276900261,8.806877188884568,23.863713772368694,6.108007841917722,3.737394912571237,2.6262682919946556,0.361694,0.17560949999999997,3.271019690167841,0.9066027977285758,0.11326362532376837
kp25_kd0.4,sim,complete_swing,swing_leg,left,ankle_roll,1,2,0.37999796867370605,20.738734075068916,10.369367037534458,17.613754377769137,7.670497690567611,2.6262682919946556,2.6262682919946556,0.48526905,0.06653175,1.9196937588638692,0.3162952255963625,0.21486584487617832
kp25_kd0.4,sim,complete_swing,swing_leg,left,hip_pitch,1,2,0.37999796867370605,26.846741916986637,2.6988693469668474,25.71036241866968,1.1363794983169582,2.6262682919946556,2.6262682919946556,0.7616423000000001,0.191227,4.686671060649099,0.7767177888833364,0.18876865815509145
kp25_kd0.4,sim,complete_swing,swing_leg,left,hip_roll,1,2,0.37999796867370605,23.01149307170283,8.096608040900541,20.312623724735985,4.971628343600763,2.6262682919946556,2.6262682919946556,1.62875,0.13483784999999998,8.659437774253444,0.6111293828069513,0.5440205228167412
kp25_kd0.4,sim,complete_swing,swing_leg,left,knee_pitch,1,2,0.37999796867370605,21.164844425401846,6.534118192250652,21.164844425401846,6.534118192250652,2.6262682919946556,2.6262682919946556,0.9714425,0.46727300000000005,3.753715409473282,1.8000322304605447,0.3147792174137093
kp25_kd0.4,sim,complete_swing,swing_leg,right,ankle_pitch,1,2,0.29000139236450195,21.969677693986213,8.207091533477438,21.969677693986213,8.207091533477438,3.5252610713028663,3.5252610713028663,0.4512425,0.18218,2.631642944934552,1.0010363270277927,0.2250059750653158
kp25_kd0.4,sim,complete_swing,swing_leg,right,ankle_roll,1,2,0.29000139236450195,24.87357541457145,9.21710757602904,23.484701757813614,3.6616129489977016,3.5252610713028663,7.57927066400141,0.40180000000000005,0.043318529999999994,2.867195972392567,0.3715218375349403,0.133069791077425
kp25_kd0.4,sim,complete_swing,swing_leg,right,hip_pitch,1,2,0.29000139236450195,20.201946423022143,3.6616129489977016,20.201946423022143,3.6616129489977016,3.5252610713028663,3.5252610713028663,0.6749895,0.17624699999999996,5.776660245200642,0.9322577382878958,0.21134309277789964
kp25_kd0.4,sim,complete_swing,swing_leg,right,hip_roll,1,2,0.29000139236450195,33.964532583530925,8.207091533477438,32.57565892677309,3.6616129489977016,3.5252610713028663,3.5252610713028663,1.696617,0.0801477155,10.989851186617653,0.433171740350627,0.6098404117894493
kp25_kd0.4,sim,complete_swing,swing_leg,right,knee_pitch,1,2,0.29000139236450195,20.706954444297946,6.43936026251337,20.706954444297946,5.050486605755536,3.5252610713028663,3.5252610713028663,0.5986639999999999,0.32098849999999995,3.3828327609356537,1.2638860350116787,0.2372908833930938
kp30_kd0.4,real,complete_support,support_leg,left,ankle_pitch,1,3,0.26340500513712567,16.173454068308107,9.689417762396031,13.626504691886026,6.250710576198313,4.195234300218888,4.195234300218888,0.37775033333333335,0.24398447,4.175185096219567,1.1687087587772647,0.334399617306887
kp30_kd0.4,real,complete_support,support_leg,left,ankle_roll,1,3,0.26340500513712567,22.1591106309279,10.217777041972314,21.3656973377731,7.670827665550237,4.195234300218888,4.195234300218888,0.6455896666666666,0.2964179333333334,4.366818839744854,1.9033711248083935,0.2752377347938136
kp30_kd0.4,real,complete_support,support_leg,left,hip_pitch,1,3,0.26340500513712567,40.91124235952284,0.7934132931547998,40.91124235952284,0.7934132931547998,5.861093579322802,4.195234300218888,1.5890496666666667,0.42498300000000006,18.707372259171034,1.8191068814456772,0.5835032419796843
kp30_kd0.4,real,complete_support,support_leg,left,hip_roll,1,3,0.26340500513712567,28.773219737325572,10.217777041972314,24.37438976101538,3.967066465774,4.195234300218888,4.195234300218888,1.197109,0.09855943333333334,10.916682204324966,0.4360103823724759,0.4302967051990371
kp30_kd0.4,real,complete_support,support_leg,left,knee_pitch,1,3,0.26340500513712567,30.721696106253773,2.645293893042918,30.721696106253773,2.645293893042918,4.195234300218888,4.195234300218888,1.0146203333333335,0.4038903333333333,6.889601690350681,1.8569874298650217,0.27992329104568187
kp30_kd0.4,real,complete_support,support_leg,right,ankle_pitch,1,3,0.3632773558298747,14.680326172715347,7.5668290473837585,13.605091062193855,4.055849720121389,1.7082834753651948,2.8201241693354597,0.2578493333333333,0.2511642333333333,2.3023983947972586,1.0276132448659128,0.3951301487513643
kp30_kd0.4,real,complete_support,support_leg,right,ankle_roll,1,3,0.3632773558298747,33.53320479483282,27.68710376708995,32.85295024172313,25.93161410345877,2.8201241693354597,4.528407644700654,0.6231715666666666,0.07137792333333333,5.745540706257064,0.5543884676728373,0.2018375858711401
kp30_kd0.4,real,complete_support,support_leg,right,hip_pitch,1,3,0.3632773558298747,50.25220674899055,4.266178798095672,50.25220674899055,4.266178798095672,3.9319648633057245,2.8201241693354597,1.308588,0.21322633333333332,12.83306657974532,0.9617684498586733,0.3579390257627039
kp30_kd0.4,real,complete_support,support_leg,right,hip_roll,1,3,0.3632773558298747,33.03760172116065,9.792244186150352,30.52691258669616,6.961519411997675,3.4867736313829583,2.8201241693354597,1.5601399999999999,0.08149399333333333,13.551435252923403,0.3546525144863398,0.7403733301656484
kp30_kd0.4,real,complete_support,support_leg,right,knee_pitch,1,3,0.3632773558298747,35.648913371885506,2.905669691876287,34.968658818775815,1.7554896636311852,2.8201241693354597,2.8201241693354597,0.4925253333333334,0.5048168000000001,3.8642246006784746,1.9807009551399795,0.2021447960397389
kp30_kd0.4,real,complete_swing,swing_leg,left,ankle_pitch,1,2,0.3899111747741699,30.517664209315534,5.491303744064384,30.517664209315534,3.7660337016967307,5.335470468053291,2.6677352340266456,0.34382959999999996,0.48801400000000006,3.058041729226625,2.378264707186619,0.20999037518055844
kp30_kd0.4,real,complete_swing,swing_leg,left,ankle_roll,1,2,0.3899111747741699,41.42637071866404,5.491303744064384,38.68071884663185,5.491303744064384,2.6677352340266456,3.6677094270978943,0.3392848,0.4498755,2.3152275614529714,2.914474641657879,0.20562901396852734
kp30_kd0.4,real,complete_swing,swing_leg,left,hip_pitch,1,2,0.3899111747741699,51.07310276016684,3.7660337016967307,51.07310276016684,1.7252700423676526,2.6677352340266456,2.6677352340266456,1.0322453500000002,0.455983,8.838283190088314,1.4529600567959329,0.3453471056965044
kp30_kd0.4,real,complete_swing,swing_leg,left,hip_roll,1,2,0.3899111747741699,33.189415102567466,5.806797361025809,29.42338140087073,4.7864155313612695,2.6677352340266456,2.6677352340266456,1.0764715,0.07612479999999999,9.817779248872284,0.2763490081580137,0.348466877198505
kp30_kd0.4,real,complete_swing,swing_leg,left,knee_pitch,1,2,0.3899111747741699,34.209796932232,3.7660337016967307,34.209796932232,3.7660337016967307,2.6677352340266456,2.6677352340266456,1.002286,0.8669990000000001,6.407872846868948,3.6619287688892443,0.440654964753682
kp30_kd0.4,real,complete_swing,swing_leg,right,ankle_pitch,1,3,0.26340500513712567,24.737788291214738,5.985656562619795,21.39742562163786,3.4387071861977176,4.195234300218888,4.195234300218888,0.37009369999999997,0.48738923333333334,3.9297850006004498,2.4680265602006473,0.21538712894588127
kp30_kd0.4,real,complete_swing,swing_leg,right,ankle_roll,1,3,0.26340500513712567,27.548042933634576,10.384486538929991,25.7945068503673,7.837537162507914,5.861093579322802,4.195234300218888,0.5826707333333333,0.18175166666666667,5.604698184890098,1.3321420887834265,0.12007632764586666
kp30_kd0.4,real,complete_swing,swing_leg,right,hip_pitch,1,3,0.26340500513712567,37.23746069603061,5.985656562619795,37.23746069603061,3.4387071861977176,4.970196121439855,4.195234300218888,0.9213436666666667,0.16803766666666664,11.835801566034908,0.9291565569619237,0.37204503371449843
kp30_kd0.4,real,complete_swing,swing_leg,right,hip_roll,1,3,0.26340500513712567,36.77746639679116,7.044123869353114,34.397226517326764,2.546949376422077,4.195234300218888,4.195234300218888,1.5796590000000001,0.0515812,11.055390144463674,0.30083073656408693,0.46723576870576977
kp30_kd0.4,real,complete_swing,swing_leg,right,knee_pitch,1,3,0.26340500513712567,37.47253517332512,1.5868265863095996,37.47253517332512,1.5868265863095996,4.195234300218888,4.195234300218888,0.7812933333333333,0.8631966666666666,7.289718118111473,4.30389797122966,0.4670097504176484
kp35_kd0.5,real,complete_support,support_leg,left,ankle_pitch,1,3,0.2565035820007324,8.54554460806973,7.95036338800706,8.54554460806973,4.790045318577465,4.309321884259179,5.14299136030343,0.412792,0.15035143333333334,3.2627494505211962,0.800052244322103,0.3548857311962232
kp35_kd0.5,real,complete_support,support_leg,left,ankle_roll,1,3,0.2565035820007324,15.385909539714868,8.805409004462703,15.385909539714868,6.50013655148875,4.309321884259179,4.309321884259179,0.6718244333333333,0.31115513333333333,5.062350992814457,2.35953753694303,0.2226553602021036
kp35_kd0.5,real,complete_support,support_leg,left,hip_pitch,1,3,0.2565035820007324,33.846861608609224,2.3052724529739534,33.846861608609224,0.8550456164556423,4.309321884259179,4.309321884259179,1.3781491,0.32405866666666666,12.191605909427375,1.534343984547106,0.5849511107701127
kp35_kd0.5,real,complete_support,support_leg,left,hip_roll,1,3,0.2565035820007324,20.09559087452892,9.060361844368984,16.93527280509932,3.0799540856661807,4.309321884259179,4.309321884259179,1.2858266666666667,0.1213783,8.94437664918618,0.6218601335122088,0.6826822810134033
kp35_kd0.5,real,complete_support,support_leg,left,knee_pitch,1,3,0.2565035820007324,26.411315456901416,2.565136849366927,26.411315456901416,0.8550456164556423,4.309321884259179,4.309321884259179,0.7986049999999999,0.35218066666666664,6.200561124512302,1.7025120807525225,0.28157766409492796
kp35_kd0.5,real,complete_support,support_leg,right,ankle_pitch,1,3,0.34011077880859375,7.909789996515406,1.075103644885733,5.986357622829548,1.075103644885733,2.9432648651707134,1.041506655983054,0.427768,0.13054333333333334,2.6249091145410763,0.45856718296404636,0.4091812544142328
kp35_kd0.5,real,complete_support,support_leg,right,ankle_roll,1,3,0.34011077880859375,39.63986416106024,4.300414579542932,39.63986416106024,3.2253109346571986,2.9097579819371995,2.083013311966108,0.58162753,0.05662683333333333,4.970255326662993,0.4005064256427214,0.26105597468403996
kp35_kd0.5,real,complete_support,support_leg,right,hip_pitch,1,3,0.34011077880859375,43.82073486143173,1.8876886947144709,43.82073486143173,0.0,2.9097579819371995,2.9097579819371995,2.066405833333333,0.5290400333333333,16.986418265725348,1.6804265229292268,0.6269645571298509
kp35_kd0.5,real,complete_support,support_leg,right,hip_roll,1,3,0.34011077880859375,20.548515140087208,5.6988097631148,19.73593009025847,2.700273744543209,2.9097579819371995,2.9097579819371995,1.5069290000000002,0.2155914933333333,11.559042479780901,0.8715430690682674,0.6652508427323481
kp35_kd0.5,real,complete_support,support_leg,right,knee_pitch,1,3,0.34011077880859375,36.19849272463107,1.8876886947144709,35.38590767480233,1.075103644885733,2.9097579819371995,2.9097579819371995,0.6575392666666667,0.35748766666666665,4.335367732003753,1.3692590802574618,0.24829886320505787
kp35_kd0.5,real,complete_swing,swing_leg,left,ankle_pitch,1,2,0.36013054847717285,33.58461861227499,5.663066084143413,32.365741037531876,4.050410616814814,2.7521166640809467,2.7521166640809467,0.475161,0.44217115,2.2946799695303506,1.9192603101565864,0.20627730822687895
kp35_kd0.5,real,complete_swing,swing_leg,left,ankle_roll,1,2,0.36013054847717285,26.702674953388467,7.275721551472012,25.090019486059866,5.663066084143413,2.7521166640809467,2.7521166640809467,0.42126245,0.39374849999999995,1.9426817995437131,2.9568272060726923,0.22734143906945392
kp35_kd0.5,real,complete_swing,swing_leg,left,hip_pitch,1,2,0.36013054847717285,40.46656227116151,2.8315330420717064,39.247684696418396,2.8315330420717064,2.7521166640809467,2.7521166640809467,1.5057314000000002,0.31044400000000005,10.916188450336747,1.0826601295159968,0.42768597539408815
kp35_kd0.5,real,complete_swing,swing_leg,left,hip_roll,1,2,0.36013054847717285,29.890441991059035,10.932354275701332,28.67156441631593,4.4441885094003055,2.7521166640809467,2.7521166640809467,1.0376045,0.08599975,6.335842840192667,0.33788023535836154,0.4099753581771518
kp35_kd0.5,real,complete_swing,swing_leg,left,knee_pitch,1,2,0.36013054847717285,28.746652210289184,5.663066084143413,28.746652210289184,4.050410616814814,2.7521166640809467,2.7521166640809467,0.8705430000000001,0.5995045000000001,6.200496844762671,3.1355313355099534,0.3957957239362335
kp35_kd0.5,real,complete_swing,swing_leg,right,ankle_pitch,1,3,0.2565035820007324,16.42045556880007,3.0799540856661807,14.710364335888784,0.8550456164556423,4.309321884259179,2.919521165929131,0.4349556666666667,0.3255786666666667,2.9309267426177326,1.6899555985560275,0.2650314059888029
kp35_kd0.5,real,complete_swing,swing_leg,right,ankle_roll,1,3,0.2565035820007324,26.496590997151525,5.30486255487672,26.496590997151525,5.30486255487672,4.309321884259179,2.919521165929131,0.6176336666666666,0.23843406666666667,4.7378216312549215,1.645606661036296,0.16937691426975196
kp35_kd0.5,real,complete_swing,swing_leg,right,hip_pitch,1,3,0.2565035820007324,29.39213311370145,4.530180922184492,29.39213311370145,3.6751353057288494,5.14299136030343,4.309321884259179,1.5317186000000003,0.45380933333333334,13.628881121630707,2.1125444408560163,0.6400175942002083
kp35_kd0.5,real,complete_swing,swing_leg,right,hip_roll,1,3,0.2565035820007324,29.746222382473874,8.805409004462703,25.216041460289386,4.790045318577465,4.309321884259179,4.309321884259179,1.127071,0.048001666666666665,7.6201194757148585,0.35589994275193443,0.3293606281379107
kp35_kd0.5,real,complete_swing,swing_leg,right,knee_pitch,1,3,0.2565035820007324,12.740408706584526,2.3052724529739534,11.290181870066215,2.3052724529739534,4.309321884259179,4.309321884259179,0.9967173666666667,0.8518859999999999,6.36122339950025,4.586396402422236,0.7001844586573687
kp35_kd0.5,sim,complete_support,support_leg,left,ankle_pitch,1,3,0.3633364836374919,18.23844844476727,9.117163385021657,14.530597458241092,4.607342215580111,3.6074245689080677,2.6815059594733164,0.6405575,0.164565,3.4773092042638787,0.9521083180123523,0.33025264162150963
kp35_kd0.5,sim,complete_support,support_leg,left,ankle_roll,1,3,0.3633364836374919,22.943311706485943,11.12355295957852,17.458797686024557,8.29287377793362,2.6815059594733164,2.6815059594733164,0.44156488000000005,0.214115006,1.4066021686060417,0.9897496698121326,0.15907710197562527
kp35_kd0.5,sim,complete_support,support_leg,left,hip_pitch,1,3,0.3633364836374919,39.37865601842138,2.755477559679001,39.37865601842138,0.0,2.6815059594733164,2.6815059594733164,0.5940334666666667,0.24280366666666664,3.6390978450796205,0.9013440437149786,0.20714616992892312
kp35_kd0.5,sim,complete_support,support_leg,left,hip_roll,1,3,0.3633364836374919,24.750537514041724,2.755477559679001,21.04268652751555,1.8031041328318276,2.6815059594733164,2.6815059594733164,0.8684503333333334,0.14939473333333333,4.869925042758129,0.7339993623664137,0.3492351584826894
kp35_kd0.5,sim,complete_support,support_leg,left,knee_pitch,1,3,0.3633364836374919,13.777387798395004,4.5585816925108285,13.777387798395004,1.8031041328318276,2.6815059594733164,2.6815059594733164,1.0438013333333334,0.4969303333333333,4.37984825487566,1.41932717311908,0.2538743389953089
kp35_kd0.5,sim,complete_support,support_leg,right,ankle_pitch,1,3,0.3200192451477051,22.518646268711166,11.482344104206812,20.365878344824782,11.482344104206812,3.0375865785354246,3.0375865785354246,0.755632,0.13297233333333333,3.8172571765856538,0.8161010506782217,0.40931572479130157
kp35_kd0.5,sim,complete_support,support_leg,right,ankle_roll,1,3,0.3200192451477051,20.68904462455198,14.55390713262004,19.577947465167714,11.290042049349397,3.0375865785354246,3.0375865785354246,0.3430492666666667,0.07539909666666668,1.884912491370277,0.5097913786960797,0.1664216665520215
kp35_kd0.5,sim,complete_support,support_leg,right,hip_pitch,1,3,0.3200192451477051,22.841812548438355,3.13300085840086,22.841812548438355,3.13300085840086,3.0375865785354246,3.0375865785354246,1.0212208466666668,0.269279,5.30185959322022,1.4897061544363528,0.37014742326871114
kp35_kd0.5,sim,complete_support,support_leg,right,hip_roll,1,3,0.3200192451477051,18.736567320417528,8.287905415818317,15.603566462016667,3.0635744635187128,3.0375865785354246,3.0375865785354246,0.9046393333333334,0.10283023333333334,5.350636575889264,0.5259064357804863,0.3828799547383226
kp35_kd0.5,sim,complete_support,support_leg,right,knee_pitch,1,3,0.3200192451477051,13.181081523496216,3.13300085840086,12.200848588981733,0.0,3.0375865785354246,3.0375865785354246,1.0010893333333335,0.42054433333333335,4.607881582826745,1.4389950481039582,0.30514131746218204
kp35_kd0.5,sim,complete_swing,swing_leg,left,ankle_pitch,1,2,0.3100012540817261,15.833340652178173,9.791595249811923,14.166694913101779,8.124949510735528,7.771238373517795,3.128040448939177,0.3098447,0.1885015,2.8213315364230955,1.00771882016162,0.10493880756260068
kp35_kd0.5,sim,complete_swing,swing_leg,left,ankle_roll,1,2,0.3100012540817261,28.85408778781966,12.916607543318268,27.187442048743268,8.22908910305875,3.128040448939177,4.740923422238913,0.50642975,0.06878137000000001,2.263168920409375,0.38166104134869727,0.22877061155607903
kp35_kd0.5,sim,complete_swing,swing_leg,left,hip_pitch,1,2,0.3100012540817261,24.270708939883363,3.229151885829567,24.270708939883363,1.666645739076394,3.128040448939177,3.128040448939177,0.6129495,0.19135500000000003,3.9920583750486953,0.686606389826216,0.1579645704371292
kp35_kd0.5,sim,complete_swing,swing_leg,left,hip_roll,1,2,0.3100012540817261,16.041619836824616,9.687455657488702,12.812467950995048,6.5624433639823545,3.128040448939177,3.128040448939177,1.67097,0.088395195,9.053967404597135,0.5533652406122683,0.6106977158510756
kp35_kd0.5,sim,complete_swing,swing_leg,left,knee_pitch,1,2,0.3100012540817261,16.145759429147837,6.458303771659134,14.583253282394661,4.79165803258274,3.128040448939177,3.128040448939177,0.6559185000000001,0.45186149999999997,3.12557763614534,1.6554116517756654,0.2884786419631985
kp35_kd0.5,sim,complete_swing,swing_leg,right,ankle_pitch,1,3,0.3633364836374919,15.50529030926093,6.512089069274457,13.626984554463201,6.512089069274457,2.6815059594733164,4.533343178342819,0.529315,0.2497022666666667,2.5542101360468834,1.2521940297072836,0.2556141495971302
kp35_kd0.5,sim,complete_swing,swing_leg,right,ankle_roll,1,3,0.3633364836374919,30.208610435606488,15.478849210364311,30.208610435606488,8.217672155967719,2.6815059594733164,2.6815059594733164,0.3614669666666666,0.06603728013333333,2.294802096484284,0.3747433426721749,0.09202571089943289
kp35_kd0.5,sim,complete_swing,swing_leg,right,hip_pitch,1,3,0.3633364836374919,22.96975280538256,4.660224413373347,22.017379378535384,2.8306791816449013,8.945425008317786,2.6815059594733164,0.6923723333333333,0.21182866666666667,5.710117511500997,0.9560380232233502,0.2219884210404738
kp35_kd0.5,sim,complete_swing,swing_leg,right,hip_roll,1,3,0.3633364836374919,34.018104142995185,9.218806105884175,31.33782820528208,6.512089069274457,2.6815059594733164,2.6815059594733164,1.57144,0.1014215,8.592297253237906,0.47933827485838454,0.6404224405458826
kp35_kd0.5,sim,complete_swing,swing_leg,right,knee_pitch,1,3,0.3633364836374919,20.191955821530897,10.920267517853484,20.191955821530897,9.117163385021657,2.6815059594733164,2.6815059594733164,0.6089653333333334,0.3662536666666667,2.834815112841511,1.1500013361404529,0.23929929245104428
kp40_kd0.5,sim,complete_support,support_leg,left,ankle_pitch,1,3,0.35996325810750324,14.070810535376458,11.129812744120278,10.387147228334287,10.228902276187704,2.7070194572313415,3.5845135224273346,0.7364640000000001,0.13686166666666666,4.364070442343453,1.1370326969533358,0.3646001444664559
kp40_kd0.5,sim,complete_support,support_leg,left,ankle_roll,1,3,0.35996325810750324,28.647218811398556,12.932232986144479,25.944187754521305,8.268237082016917,2.7070194572313415,2.7070194572313415,0.44600028666666663,0.27753269333333336,1.4489096170745714,1.2914515487174032,0.13381860320055902
kp40_kd0.5,sim,complete_support,support_leg,left,hip_pitch,1,3,0.35996325810750324,33.468860361513656,2.7824531860300694,33.468860361513656,1.8815427180974942,2.7070194572313415,2.7070194572313415,0.6004603333333333,0.264998,3.47335574852813,1.0059920746273934,0.1883340977263593
kp40_kd0.5,sim,complete_support,support_leg,left,hip_roll,1,3,0.35996325810750324,26.923321739288596,2.7824531860300694,24.140868553258525,2.7824531860300694,2.7070194572313415,2.7070194572313415,0.8493703333333333,0.13346125333333334,5.580413724415725,0.6823672296554758,0.36053127459586226
kp40_kd0.5,sim,complete_support,support_leg,left,knee_pitch,1,3,0.35996325810750324,12.110444994285197,5.564906372060139,11.130112397199804,3.6833636539626453,2.7070194572313415,2.7070194572313415,1.1084756666666666,0.49652199999999996,4.607899198680495,1.4329636688947778,0.2503172807188885
kp40_kd0.5,sim,complete_support,support_leg,right,ankle_pitch,1,3,0.33670473098754883,17.0154166319199,11.005849203088955,14.041277418040934,11.005849203088955,3.8405301097666413,2.888115523817999,0.745445,0.13872666666666666,3.418922656005968,0.7088363682775265,0.3630888112035713
kp40_kd0.5,sim,complete_support,support_leg,right,ankle_roll,1,3,0.33670473098754883,23.670535708885694,13.890269289741815,20.78611562223284,7.880701860910868,2.888115523817999,2.888115523817999,0.3551967,0.09462943333333333,1.8346975816633286,0.6329806496726739,0.165895195753356
kp40_kd0.5,sim,complete_support,support_leg,right,hip_pitch,1,3,0.33670473098754883,30.72181891844267,2.9741392138789657,29.769822264942746,2.9741392138789657,2.888115523817999,2.888115523817999,1.0033833366666667,0.274731,5.01991796371457,1.4039629332997319,0.34810699740656664
kp40_kd0.5,sim,complete_support,support_leg,right,hip_roll,1,3,0.33670473098754883,19.715969715353715,8.922417641636898,16.74183050147475,4.015854994604994,2.888115523817999,2.888115523817999,0.9011033333333334,0.10212316666666667,5.280528101180804,0.5061641582583251,0.3935582053819053
kp40_kd0.5,sim,complete_support,support_leg,right,knee_pitch,1,3,0.33670473098754883,18.825262062926807,2.9741392138789657,18.825262062926807,0.0,2.888115523817999,2.888115523817999,0.9470913333333334,0.42290333333333335,4.1669809134975795,1.3926195698649695,0.295558084478092
kp40_kd0.5,sim,complete_swing,swing_leg,left,ankle_pitch,1,2,0.335063099861145,16.64999561862284,11.96227460535571,13.659426967283913,10.534279625105826,4.41877436058735,2.9035514068040356,0.2463995,0.19711250000000002,2.1888995081908247,1.0399881228589205,0.12252295680153005
kp40_kd0.5,sim,complete_swing,swing_leg,left,ankle_roll,1,2,0.335063099861145,26.78053917121119,11.96227460535571,25.217965500122148,7.543710973766898,2.9035514068040356,4.41877436058735,0.5103418,0.1253454,2.3441787470106332,0.5756395411787192,0.20277359378270665
kp40_kd0.5,sim,complete_swing,swing_leg,left,hip_pitch,1,2,0.335063099861145,25.217965500122148,2.9905686513389274,25.217965500122148,0.0,2.9035514068040356,2.9035514068040356,0.5829205000000001,0.18752649999999998,3.6555955305695367,0.6452307349408516,0.13483206688579777
kp40_kd0.5,sim,complete_swing,swing_leg,left,hip_roll,1,2,0.335063099861145,16.246259546105364,8.971705954016784,13.255690894766436,5.981137302677855,2.9035514068040356,2.9035514068040356,1.6271749999999998,0.10106747,8.156946724948025,0.5468500000156715,0.5612422588830475
kp40_kd0.5,sim,complete_swing,swing_leg,left,knee_pitch,1,2,0.335063099861145,23.789970519872263,5.981137302677855,23.789970519872263,2.8559899604997687,2.9035514068040356,2.9035514068040356,0.6989889999999999,0.509575,2.8569675800841035,1.7140528268772757,0.3045340602742731
kp40_kd0.5,sim,complete_swing,swing_leg,right,ankle_pitch,1,3,0.35996325810750324,23.002590657106072,4.584873428054272,23.002590657106072,4.584873428054272,2.7070194572313415,2.7070194572313415,0.5675127999999999,0.284793,3.1648461532899987,1.273995672058981,0.22062570070429158
kp40_kd0.5,sim,complete_swing,swing_leg,right,ankle_roll,1,3,0.35996325810750324,33.2317925863733,16.774141245333237,31.429671997428628,8.426781687243027,2.7070194572313415,2.7070194572313415,0.3497352333333333,0.04657166666666667,2.48027534840378,0.2631882560991708,0.09114913700913697
kp40_kd0.5,sim,complete_swing,swing_leg,right,hip_pitch,1,3,0.35996325810750324,25.200323626417212,2.7824531860300694,25.200323626417212,1.8812430650179683,10.828077828925366,2.7070194572313415,0.722029,0.20062533333333335,6.399667272201018,0.8735063813252105,0.21704999236506636
kp40_kd0.5,sim,complete_swing,swing_leg,right,hip_roll,1,3,0.35996325810750324,34.370070482525755,8.34735955809021,31.6670394256485,5.564906372060139,2.7070194572313415,2.7070194572313415,1.6624233333333331,0.09843806666666667,9.153542024416938,0.4670808352737157,0.6463874365135603
kp40_kd0.5,sim,complete_swing,swing_leg,right,knee_pitch,1,3,0.35996325810750324,22.259625488240555,8.267637775857866,21.358415367228456,7.366727307925291,2.7070194572313415,2.7070194572313415,0.5863183333333333,0.37719299999999994,2.583655730444299,1.1677405380169918,0.22716769525472005
kp40_kd0.8,real,complete_support,support_leg,left,ankle_pitch,1,3,0.31342116991678876,12.74923370588695,7.094242105816655,9.054912799186527,4.527456399593263,3.541376623392336,3.541376623392336,0.4623182666666666,0.22284606666666665,3.3445805905684867,1.268369679146444,0.3402009724500406
kp40_kd0.8,real,complete_support,support_leg,left,ankle_roll,1,3,0.31342116991678876,34.613192238785736,11.327298797825728,34.613192238785736,9.36662810445586,3.541376623392336,3.541376623392336,0.6672067666666667,0.29545861,3.99222370023413,1.745553388414385,0.20789658821329263
kp40_kd0.8,real,complete_support,support_leg,left,hip_pitch,1,3,0.31342116991678876,41.884391194781976,2.566785706223393,41.884391194781976,1.6662709857856808,3.541376623392336,3.541376623392336,1.158438,0.22626533333333332,12.365005079108721,1.0965835025532098,0.407644561893252
kp40_kd0.8,real,complete_support,support_leg,left,hip_roll,1,3,0.31342116991678876,18.304396081288107,7.994756826254368,15.670231147519843,2.4994064786785213,3.541376623392336,3.541376623392336,1.4334386666666667,0.0848174,11.086557306366123,0.3747625195647268,0.6839313056499104
kp40_kd0.8,real,complete_support,support_leg,left,knee_pitch,1,3,0.31342116991678876,23.82462922626866,2.566785706223393,23.82462922626866,1.7336502133305525,3.541376623392336,3.541376623392336,1.1619363333333332,0.330386,6.231584666023668,1.6077311312533504,0.24776707920878227
kp40_kd0.8,real,complete_support,support_leg,right,ankle_pitch,1,3,0.316545565923055,16.739851431745787,10.587921133793424,15.664355775469183,7.394461383201576,4.073294018402096,4.073294018402096,0.46376046666666665,0.29179453333333333,4.844283905728386,1.9899500135543402,0.33347304250213705
kp40_kd0.8,real,complete_support,support_leg,right,ankle_roll,1,3,0.316545565923055,34.659345075236196,14.856243428067609,34.659345075236196,12.705252115514403,3.063029460395429,3.063029460395429,0.6463907999999999,0.48917459999999996,6.147028085928721,3.769426495557649,0.2910697179561886
kp40_kd0.8,real,complete_support,support_leg,right,hip_pitch,1,3,0.316545565923055,48.50804662128592,5.243470070648368,48.50804662128592,2.1173309817209782,5.146802294431349,3.063029460395429,1.0776301666666666,0.14336533333333337,15.651885826253283,0.7222306281475294,0.26188944621180016
kp40_kd0.8,real,complete_support,support_leg,right,hip_roll,1,3,0.316545565923055,34.72476639911785,8.43629670864595,30.555525759557554,5.209809739816141,3.063029460395429,3.063029460395429,1.6795366666666667,0.15557376666666667,18.73940997753601,0.6628597380217811,0.6921822280559725
kp40_kd0.8,real,complete_support,support_leg,right,knee_pitch,1,3,0.316545565923055,43.162962445546604,3.159799419759619,43.162962445546604,3.159799419759619,4.073294018402096,3.063029460395429,0.4772746666666667,0.3459183333333333,4.585261874236243,1.7201681911904358,0.14853439210087843
kp40_kd0.8,real,complete_swing,swing_leg,left,ankle_pitch,1,2,0.31494140625,33.322717713981234,9.477498921496059,30.096230745151423,9.477498921496059,3.0782264625369393,3.0782264625369393,0.2744312,0.34454799999999997,2.032877561951554,1.875429296114179,0.12279313407033246
kp40_kd0.8,real,complete_swing,swing_leg,left,ankle_roll,1,2,0.31494140625,34.8854707021478,11.090742405910964,34.8854707021478,11.090742405910964,3.0782264625369393,4.593623299546939,0.26939915000000003,0.345405,1.6524262473407627,3.1979383810705304,0.13439520293821458
kp40_kd0.8,real,complete_swing,swing_leg,left,hip_pitch,1,2,0.31494140625,35.03694219089283,3.1759964725814673,35.03694219089283,3.1759964725814673,3.0782264625369393,3.0782264625369393,0.9048305,0.2867635,11.12863657138379,1.217530486371879,0.30473997130272956
kp40_kd0.8,real,complete_swing,swing_leg,left,hip_roll,1,2,0.31494140625,23.845218792485177,11.040251909662622,20.66922231990371,4.688258964499687,3.0782264625369393,3.0782264625369393,0.5150075000000001,0.051293414999999995,5.46097327278,0.2247868942857374,0.16027415275599805
kp40_kd0.8,real,complete_swing,swing_leg,left,knee_pitch,1,2,0.31494140625,36.4987141865627,3.1759964725814673,36.4987141865627,3.1759964725814673,3.0782264625369393,3.0782264625369393,1.3185464999999998,0.7278844999999999,6.512120824642587,4.135653797549695,0.49523106925933924
kp40_kd0.8,real,complete_swing,swing_leg,right,ankle_pitch,1,3,0.31342116991678876,31.322848662304224,14.096222186683738,29.36217796893435,13.263086693790896,4.3541917384097415,3.541376623392336,0.47299153333333327,0.2865412333333333,4.100206717799808,1.5204217642914861,0.12475915376035913
kp40_kd0.8,real,complete_swing,swing_leg,right,ankle_roll,1,3,0.31342116991678876,31.238153837074208,12.81661293343182,30.40501834418136,12.81661293343182,5.393121167130546,6.043823818063866,0.4760613333333333,0.48803759999999996,2.844363455530203,4.970491695165198,0.1800719079922197
kp40_kd0.8,real,complete_swing,swing_leg,right,hip_pitch,1,3,0.31342116991678876,40.200804611311156,7.161621333361527,40.200804611311156,5.427971120030975,3.541376623392336,3.541376623392336,1.27348614,0.0945326666666667,12.736446868557701,0.5512755189840607,0.3263071874166985
kp40_kd0.8,real,complete_swing,swing_leg,right,hip_roll,1,3,0.31342116991678876,34.68057146633061,9.122292026731397,31.280650267214373,5.427971120030975,3.541376623392336,3.541376623392336,1.2356386666666666,0.053051133333333333,8.324330982010526,0.18096598288194363,0.27553418356763987
kp40_kd0.8,real,complete_swing,swing_leg,right,knee_pitch,1,3,0.31342116991678876,32.27342701260166,1.7336502133305525,32.27342701260166,1.7336502133305525,3.541376623392336,3.541376623392336,0.8171849999999999,0.729418,5.366917166151356,3.835866007074825,0.4070083575509036
kp50_kd0.8,sim,complete_support,support_leg,left,ankle_pitch,1,3,0.356672207514445,11.243120988353484,11.216747624282618,8.438934082282831,10.290797512465799,3.6285717472929497,5.430384814497999,0.7074413333333333,0.15478999999999998,3.9979886028162817,1.1817166383034223,0.3312159680635757
kp50_kd0.8,sim,complete_support,support_leg,left,ankle_roll,1,3,0.356672207514445,23.359408566931382,13.042200896944047,22.433458455114565,10.26438735494426,2.7276831132069668,2.7276831132069668,0.44158075333333335,0.29570399666666664,1.4743221659125263,1.1748143594303546,0.09762139581987155
kp50_kd0.8,sim,complete_support,support_leg,left,hip_pitch,1,3,0.356672207514445,33.59753293815679,2.8041869060706546,32.671582826339964,0.9523234758876867,2.7276831132069668,2.7276831132069668,0.566612,0.25885433333333335,3.286697440130356,0.9284918971885245,0.1903322857747205
kp50_kd0.8,sim,complete_support,support_leg,left,hip_roll,1,3,0.356672207514445,19.576561614352844,4.656013542802952,15.846461389916042,4.656013542802952,2.7276831132069668,2.7276831132069668,0.84437,0.15136303333333334,5.01469980254273,0.7361593295742571,0.3278636479986421
kp50_kd0.8,sim,complete_support,support_leg,left,knee_pitch,1,3,0.356672207514445,10.211640626802525,5.608373812141309,10.211640626802525,3.730100224436803,2.7276831132069668,2.7276831132069668,1.0455506666666665,0.4847383333333333,4.445887592120522,1.4187266821815714,0.2552847877511773
kp50_kd0.8,sim,complete_support,support_leg,right,ankle_pitch,1,3,0.3410379886627197,20.103812376466625,10.775566620320076,15.02417179771328,9.882269357053314,2.871094971704906,2.871094971704906,0.7490926666666667,0.13806966666666665,3.557155470360668,0.8944604343519728,0.388833620760385
kp50_kd0.8,sim,complete_support,support_leg,right,ankle_roll,1,3,0.3410379886627197,24.290155691953213,13.673339549060955,21.55113324064015,9.764008034027748,2.871094971704906,2.871094971704906,0.3112490666666667,0.09444044666666666,1.8258101392342507,0.5684038823333997,0.12581726198198542
kp50_kd0.8,sim,complete_support,support_leg,right,hip_pitch,1,3,0.3410379886627197,31.73226204543857,2.9569035902536633,31.73226204543857,2.9569035902536633,2.871094971704906,2.871094971704906,1.0222171333333334,0.30338966666666667,5.025370343075939,1.4798246581421182,0.35503018346734644
kp50_kd0.8,sim,complete_support,support_leg,right,hip_roll,1,3,0.3410379886627197,22.207907857855783,6.965854921201903,19.251004267602116,2.00447566547412,2.871094971704906,2.871094971704906,0.8845403333333334,0.10102901666666668,5.225585897598649,0.4308169589056949,0.3864713662978441
kp50_kd0.8,sim,complete_support,support_leg,right,knee_pitch,1,3,0.3410379886627197,13.078826793751938,2.9569035902536633,12.185529530485178,0.0,2.871094971704906,2.871094971704906,0.9931623333333334,0.43486533333333327,4.551657864228542,1.4144452740734703,0.30011448375445443
kp50_kd0.8,sim,complete_swing,swing_leg,left,ankle_pitch,1,2,0.32498228549957275,22.858382604390066,10.714870358610376,18.096205510598672,10.714870358610376,7.392873983770577,3.0019582967335383,0.27341544999999995,0.19110850000000001,3.171076036538185,1.0649443705873105,0.08947179976490782
kp50_kd0.8,sim,complete_swing,swing_leg,left,ankle_roll,1,2,0.32498228549957275,26.191917811012146,13.81027984909073,23.09650832053179,7.857586584271747,3.0019582967335383,3.0019582967335383,0.47722244999999996,0.22516565,2.2184010269516925,0.8759410309667017,0.19894080438986245
kp50_kd0.8,sim,complete_swing,swing_leg,left,hip_pitch,1,2,0.32498228549957275,24.763275923842833,3.095409490480354,24.763275923842833,0.0,3.0019582967335383,3.0019582967335383,0.601658,0.212958,4.082143924740758,0.7260907263385705,0.14433733582592811
kp50_kd0.8,sim,complete_swing,swing_leg,left,hip_roll,1,2,0.32498228549957275,18.3343312267404,9.286228471441062,15.238921736260044,6.190818980960708,3.0019582967335383,3.0019582967335383,1.53599,0.09703174,8.692243709164451,0.5378413312038464,0.6058704666326549
kp50_kd0.8,sim,complete_swing,swing_leg,left,knee_pitch,1,2,0.32498228549957275,21.667866433362477,6.190818980960708,21.667866433362477,3.095409490480354,3.0019582967335383,3.0019582967335383,0.6242334999999999,0.45735100000000006,2.8813660601700235,1.629681454271382,0.28800152654715705
kp50_kd0.8,sim,complete_swing,swing_leg,right,ankle_pitch,1,3,0.356672207514445,24.25894852122666,4.656013542802952,22.35430156945129,4.656013542802952,2.7276831132069668,2.7276831132069668,0.5442914333333333,0.2599445633333333,3.10596334886401,1.3203251036227848,0.22452544113244235
kp50_kd0.8,sim,complete_swing,swing_leg,right,ankle_roll,1,3,0.356672207514445,27.116029329241737,17.777481705762284,26.190116010875588,10.26442414839493,4.529496180412017,2.7276831132069668,0.31029346666666663,0.07387157333333333,2.018561977940681,0.4167124778589592,0.05961607123316732
kp50_kd0.8,sim,complete_swing,swing_leg,right,hip_pitch,1,3,0.356672207514445,20.581595024931598,4.656013542802952,19.65568170656545,0.9259133183661485,9.083937973706883,2.7276831132069668,0.6731488333333333,0.2113493333333333,5.665119256477937,0.8791743190439935,0.21080214653256282
kp50_kd0.8,sim,complete_swing,swing_leg,right,hip_roll,1,3,0.356672207514445,40.13182006866424,7.433827084802739,38.253546480959734,3.703726860365935,2.7276831132069668,2.7276831132069668,1.5757066666666664,0.09667913333333333,8.107443106992982,0.43532953327559804,0.6240708035306333
kp50_kd0.8,sim,complete_swing,swing_leg,right,knee_pitch,1,3,0.356672207514445,19.655755293466786,7.460274035774947,18.7034318175791,7.460274035774947,2.7276831132069668,2.7276831132069668,0.5575533333333333,0.382391,2.6823525421369294,1.1931733969031042,0.23028536401482214
