dataset,kp_case,window,role,joint,case_count,curve_count,mean_target_direction_change_rate_hz,mean_joint_direction_change_rate_hz,mean_target_dominant_freq_hz,mean_joint_dominant_freq_hz,mean_target_extrema_rate_hz,mean_joint_extrema_rate_hz,mean_target_range_rad,mean_joint_range_rad,mean_target_path_rate_radps,mean_joint_path_rate_radps,mean_tracking_err_rms_rad
real,kp25_kd0.4,swing,event_leg,ankle_pitch,1,6,29.260241160663494,5.73148192496109,5.556754223242301,3.031378870323494,25.613212198373684,4.1846895212983215,0.3514675333333333,0.3808958666666667,3.301087358469069,1.7511864762923421,0.1526048430312754
real,kp25_kd0.4,swing,event_leg,ankle_roll,1,6,35.41177039734999,11.950218731523654,4.041529011491017,3.031378870323494,33.86497799368722,10.908501398444642,0.44082394999999996,0.2414339,3.053160979249603,1.582760282455532,0.16672927076928865
real,kp25_kd0.4,swing,event_leg,hip_pitch,1,6,36.99623977200388,3.6312453663340585,3.031378870323494,3.031378870323494,36.99623977200388,2.6053116292107936,1.0937201666666667,0.23773866666666665,11.129613142275213,1.1056140849525706,0.3682572163166851
real,kp25_kd0.4,swing,event_leg,hip_roll,1,6,30.79226826488379,5.683112840580589,3.5364539409072555,3.031378870323494,27.145239302593993,2.0844529626712895,1.3955263333333334,0.07324879095,8.938631416537318,0.30039384770536576,0.44232394523984314
real,kp25_kd0.4,swing,event_leg,knee_pitch,1,6,27.565286614319394,3.647028962289801,3.031378870323494,3.031378870323494,27.565286614319394,3.647028962289801,0.9278163333333334,0.8325489999999999,5.082449667863657,4.11393340344321,0.497518318499307
real,kp25_kd0.4,swing,opposite_leg,ankle_pitch,1,6,15.073334137734127,9.948756934684171,7.182464606683783,3.521598791772439,11.427323471957601,4.771737461200616,0.439956,0.25027818333333335,3.403094243948173,0.9506337691330596,0.347958167617729
real,kp25_kd0.4,swing,opposite_leg,ankle_roll,1,6,29.276024756619233,19.31250252249259,3.552237536862998,3.031378870323494,28.75516609007973,16.218917715167056,0.60675005,0.14834965000000003,3.9057374000928267,0.9388639484860709,0.28476485697503384
real,kp25_kd0.4,swing,opposite_leg,hip_pitch,1,6,41.84587691646994,4.6887462953688095,3.031378870323494,3.5364539409072555,41.84587691646994,2.100236558627032,1.3819356833333334,0.2144731666666667,14.609590607029398,0.8902215676447657,0.4277946133591801
real,kp25_kd0.4,swing,opposite_leg,hip_roll,1,6,29.765316231247255,9.361708994781877,3.552237536862998,3.031378870323494,26.134070864913195,4.672962699413067,1.4674646666666666,0.11249342,11.047809043486025,0.5016399038778783,0.6097022431274706
real,kp25_kd0.4,swing,opposite_leg,knee_pitch,1,6,35.527347051606554,4.657179103457324,3.5364539409072555,3.031378870323494,35.00648838506705,2.0844529626712895,0.88667455,0.4172185,5.251929580645704,1.5226739993219074,0.266245641093319
real,kp25_kd0.4,touchdown,landing_leg,ankle_pitch,1,6,21.270875829727547,8.516897756162438,12.331949000163874,6.676912049163545,20.159710674443275,6.135829566267563,0.23226043333333332,0.25057355000000003,3.233840023634107,2.1055958484156876,0.3110166809224873
real,kp25_kd0.4,touchdown,landing_leg,ankle_roll,1,6,33.39600768903838,18.993597791699887,8.899242359732096,7.867446144110982,32.20547359409093,16.691898541468174,0.45772995666666666,0.16141675,7.238298608729916,1.6556979615505376,0.36772126838400904
real,kp25_kd0.4,touchdown,landing_leg,hip_pitch,1,6,46.34535546023588,2.4726477356600625,8.899242359732094,6.676912049163545,46.34535546023588,2.4726477356600625,0.8864605499999999,0.15381616666666667,14.284198186290917,1.1234712055888965,0.32117611829966325
real,kp25_kd0.4,touchdown,landing_leg,hip_roll,1,6,34.757490269414156,10.635437914863774,10.01040751501637,6.676912049163545,28.792609188574954,5.873301535074025,1.2418594666666667,0.06254264999999999,18.9194550097643,0.5415576049057763,0.9689815063248602
real,kp25_kd0.4,touchdown,landing_leg,knee_pitch,1,6,36.967609973880684,3.6631818306075004,10.020328632474264,6.676912049163545,36.967609973880684,2.4726477356600625,0.2700458333333334,0.3307376666666667,4.485662084205724,2.4244488956677817,0.20353899779519455
real,kp25_kd0.4,touchdown,stance_leg,ankle_pitch,1,6,32.364211473417264,6.044250020502375,6.676912049163545,6.676912049163545,32.364211473417264,3.6631818306074995,0.2714614,0.16748465,3.617707296500521,1.374372181651328,0.23072335052871407
real,kp25_kd0.4,touchdown,stance_leg,ankle_roll,1,6,39.25709861801038,7.076046236123489,8.899242359732094,6.676912049163545,36.87603042811549,7.076046236123489,0.16104584833333332,0.1784575833333333,2.84024076253297,1.44583077320584,0.09189198314402101
real,kp25_kd0.4,touchdown,stance_leg,hip_pitch,1,6,33.4082182951404,3.49223334517915,9.05798023905842,6.676912049163545,33.4082182951404,1.1905340949474374,0.8308863999999999,0.11521016666666667,14.067304481713734,0.8933511914181672,0.34010597107413193
real,kp25_kd0.4,touchdown,stance_leg,hip_roll,1,6,40.88110922957969,9.3777454863552,8.978611299395256,6.676912049163545,38.579409979347986,5.964881080839213,0.37996946666666664,0.05305092333333333,8.081333276326907,0.41671667002590845,0.1288824591865687
real,kp25_kd0.4,touchdown,stance_leg,knee_pitch,1,6,26.399330392578047,2.381068189894875,6.676912049163545,6.676912049163545,26.399330392578047,1.1905340949474374,0.6727003333333332,0.4271241666666666,7.5196077670636745,3.2563594369904187,0.4834628061643364
real,kp30_kd0.4,swing,event_leg,ankle_pitch,1,6,27.458692829473478,5.244289563203723,4.088928545555826,3.06298257760869,25.89507989271633,3.159811750411875,0.42005435,0.4140334666666667,4.166695334032524,1.9926992680644797,0.17776872459682627
real,kp30_kd0.4,swing,event_leg,ankle_roll,1,6,33.225883886018,12.134165909735065,5.114874513502962,3.58384745364339,30.57115322751856,11.091417849012613,0.39412838333333333,0.25530241666666664,3.250916277634641,1.5726422472320711,0.1662095164275226
real,kp30_kd0.4,swing,event_leg,hip_pitch,1,6,38.45337135644641,3.6648928423243112,3.553208343288407,3.06298257760869,38.45337135644641,2.084477812791849,1.3295369833333335,0.3211825,12.8997087156313,1.2691770913915974,0.3980020414540401
real,kp30_kd0.4,swing,event_leg,hip_roll,1,6,36.51909406997933,5.831344501686626,5.667306957782189,3.06298257760869,32.804813257982126,3.7142808119972,1.1230431666666665,0.08846081666666668,10.992804102742886,0.37312006385640534,0.38355153889825794
real,kp30_kd0.4,swing,event_leg,knee_pitch,1,6,33.27730847299699,3.6806766264465747,4.104712329678089,3.06298257760869,32.73964150418698,3.143009657636562,0.8765750666666666,0.8099861666666667,6.5133851880701235,3.918332852676453,0.4633947136483099
real,kp30_kd0.4,swing,opposite_leg,ankle_pitch,1,6,15.848446721732264,8.453489283288489,5.66730695778219,3.06298257760869,15.31077975292225,4.772812656841913,0.42815386666666666,0.2747047333333333,3.5752833515949836,1.0786591098650038,0.300336767141972
real,kp30_kd0.4,swing,opposite_leg,ankle_roll,1,6,29.496837598551583,18.40338313223287,3.06298257760869,3.06298257760869,28.99175650663915,16.82296810270041,0.6135766133333334,0.20371295166666667,4.580417564349172,1.0577117744969435,0.2675158840046115
real,kp30_kd0.4,swing,opposite_leg,hip_pitch,1,6,40.670229294134664,4.2351456880319,4.0731447614335625,3.06298257760869,40.670229294134664,2.6389468743771745,1.4148158499999999,0.3150783333333333,14.506181360070395,1.2473518724545105,0.4764205465030964
real,kp30_kd0.4,swing,opposite_leg,hip_roll,1,6,32.67039651577963,8.958570375200923,3.58384745364339,4.0731447614335625,28.485657106073663,5.244289563203723,1.4688473833333335,0.10098845,12.740473643126391,0.45295429759040357,0.5835580018176023
real,kp30_kd0.4,swing,opposite_leg,knee_pitch,1,6,33.244722596099415,4.218343595256588,3.5838474536433895,3.06298257760869,33.244722596099415,2.655748967152488,0.7628105,0.5482458333333333,5.502863633243995,2.0229075091733177,0.2718717560169311
real,kp30_kd0.4,touchdown,landing_leg,ankle_pitch,1,6,16.6676760331104,5.952741440396571,14.445319228695679,7.77824881545152,15.477127745031085,3.5716448642379426,0.3178954166666666,0.26076376833333337,4.14707513989962,1.9617502407732494,0.3397737185479421
real,kp30_kd0.4,touchdown,landing_leg,ankle_roll,1,6,36.906996930458746,17.858224321189713,12.22296242428096,7.778248815451519,36.906996930458746,17.858224321189713,0.42758773333333333,0.17400627833333335,7.738135965649842,1.632248884344013,0.30093141463703127
real,kp30_kd0.4,touchdown,landing_leg,hip_pitch,1,6,53.574672963569135,2.3810965761586282,7.778248815451519,6.6670704132441605,53.574672963569135,1.1905482880793141,0.7374851666666666,0.21143683333333332,14.117437904499857,1.532727343201054,0.4287134178129963
real,kp30_kd0.4,touchdown,landing_leg,hip_roll,1,6,39.28809350661737,10.714934592713826,6.6670704132441605,6.6670704132441605,33.3353520662208,4.7621931523172565,1.1916656166666666,0.04432638333333333,18.420495276135522,0.37781621324813325,0.8027604205821613
real,kp30_kd0.4,touchdown,landing_leg,knee_pitch,1,6,38.09754521853805,1.1905482880793141,12.22296242428096,6.6670704132441605,38.09754521853805,0.0,0.26234033333333334,0.4102183166666667,4.790525820476968,2.9433209806663747,0.1998177246327999
real,kp30_kd0.4,touchdown,stance_leg,ankle_pitch,1,6,30.954255490062167,5.952741440396571,15.556497630903038,6.6670704132441605,30.954255490062167,3.5716448642379426,0.22208116666666666,0.14253089666666666,3.3839727848465606,1.31724848463977,0.23593146255788033
real,kp30_kd0.4,touchdown,stance_leg,ankle_roll,1,6,45.24083494701393,10.714934592713826,15.55649763090304,7.778248815451519,42.859738370855304,9.524386304634513,0.20900343833333332,0.18375940000000002,3.4253358849644706,1.5371041320615542,0.10909286744779521
real,kp30_kd0.4,touchdown,stance_leg,hip_pitch,1,6,41.669190082776,7.143289728475885,11.1117840220736,7.778248815451519,41.669190082776,3.5716448642379426,0.9665106666666666,0.09728166666666666,15.572557333610368,0.8104240779199103,0.3352582465434962
real,kp30_kd0.4,touchdown,stance_leg,hip_roll,1,6,36.90699693045874,7.143289728475885,11.1117840220736,7.77824881545152,32.14480377814149,4.7621931523172565,0.3708851983333333,0.04704273666666667,7.3767943929353885,0.36731607737755473,0.1517271233660827
real,kp30_kd0.4,touchdown,stance_leg,knee_pitch,1,6,32.14480377814149,5.952741440396571,7.77824881545152,6.6670704132441605,30.95425549006217,3.5716448642379426,0.6922041666666665,0.31498333333333334,8.209923369635328,2.591092626499786,0.44675200499457973
real,kp35_kd0.5,swing,event_leg,ankle_pitch,1,6,28.337840645142492,4.20129107085368,4.562170126225546,3.0503594152882894,25.716870403655005,2.6219884894445533,0.5212792999999999,0.35935811666666667,3.689595571560283,1.8243618247688145,0.24254814208265055
real,kp35_kd0.5,swing,event_leg,ankle_roll,1,6,30.778071874250788,6.301427482301986,4.0571191395208865,3.0503594152882894,30.24043695292002,5.763792560971219,0.44078897499999997,0.2949654333333333,2.6053834798862745,2.01447165076457,0.1769238307556408
real,kp35_kd0.5,swing,event_leg,hip_pitch,1,6,36.72056695168707,3.126021228192147,3.537213712030795,3.0470171661115675,36.19973312164789,1.579302581409127,1.6406254833333331,0.3937596666666667,12.785993216278422,1.4704231420815852,0.5338284195928482
real,kp35_kd0.5,swing,event_leg,hip_roll,1,6,29.780698000304792,9.429485206408266,3.552068152816227,3.0470171661115675,25.613009112034288,4.72212490089286,0.9095661333333332,0.076764105,6.647489020868972,0.33171182721483666,0.3334697367435094
real,kp35_kd0.5,swing,event_leg,knee_pitch,1,6,24.67112975174838,5.276560913515213,3.552068152816227,3.0470171661115675,24.1502959217092,3.6804572408145,0.9471771666666667,0.7983846666666666,6.346752436736096,3.578284878386746,0.5384488299604498
real,kp35_kd0.5,swing,opposite_leg,ankle_pitch,1,6,11.964413495523688,5.682841848384485,6.6928539763858295,3.619655858389939,8.82260942399702,4.151906044935987,0.49192083333333336,0.23405764999999998,3.238882755057935,1.0875893528218683,0.38436629467664823
real,kp35_kd0.5,swing,opposite_leg,ankle_roll,1,6,32.603281337291314,9.900934010529753,3.0470171661115675,4.262481783379473,32.082447507252134,8.337414272455147,0.5685844,0.23091093333333332,4.319432095657208,1.2165048381389931,0.24364852891022049
real,kp35_kd0.5,swing,opposite_leg,hip_pitch,1,6,40.79254053199338,3.6468550582313273,3.0470171661115675,3.0470171661115675,40.2717067019542,0.5050509867046595,1.8409487833333333,0.3225888333333333,14.338784141376044,1.238982013594937,0.5393912356592683
real,kp35_kd0.5,swing,opposite_leg,hip_roll,1,6,29.2303349795107,8.906614880454953,3.0470171661115675,3.0470171661115675,26.65773151598384,4.738925992184447,1.3898010666666665,0.11121526333333331,11.043427056168852,0.5298999595512323,0.6650969409248417
real,kp35_kd0.5,swing,opposite_leg,knee_pitch,1,6,27.78238638456307,4.1529242928930525,3.0470171661115675,3.0470171661115675,27.244751463232305,2.084353568113787,0.8139010166666666,0.40171699999999994,5.062880253049682,1.6584663665830146,0.2715921608680742
real,kp35_kd0.5,touchdown,landing_leg,ankle_pitch,1,6,8.253976125573294,4.682544148161772,30.763918227647576,6.458339492485834,7.142863954823042,3.492066822357932,0.09243496666666666,0.19652403333333335,2.0124554906556855,1.389216801050859,0.3734017061314419
real,kp35_kd0.5,touchdown,landing_leg,ankle_roll,1,6,32.619078727025226,8.095245815466114,8.750008344658227,6.458339492485834,31.507966556274976,6.984133644715864,0.4372981,0.18683655,6.287184194338788,1.7727863890735458,0.29341330025500345
real,kp35_kd0.5,touchdown,landing_leg,hip_pitch,1,6,40.79368969754493,2.3809546516076807,9.722231494064696,6.527784003157724,39.68257752679468,1.1904773258038404,1.1048628833333332,0.22243066666666667,19.907223492944265,1.6773321551841522,0.6104514123144323
real,kp35_kd0.5,touchdown,landing_leg,hip_roll,1,6,24.603198066612702,11.507947482770456,10.763899154143056,7.569451663236085,23.41272074080886,5.714291163858434,1.1022276666666666,0.10386483333333334,14.979308650461304,0.8260062242488577,0.8881986107875308
real,kp35_kd0.5,touchdown,landing_leg,knee_pitch,1,6,30.396854385524723,0.0,7.638896173907976,6.527784003157724,30.396854385524723,0.0,0.3569083,0.41002600000000006,5.390553894801055,2.8655886852192833,0.37863069382500397
real,kp35_kd0.5,touchdown,stance_leg,ankle_pitch,1,6,31.507966556274976,3.492066822357932,9.722231494064696,6.583339611695237,29.206377059720882,2.3015894965540915,0.33918855816666665,0.18061845,4.9855993157491305,1.4747279302196745,0.24482778739977762
real,kp35_kd0.5,touchdown,stance_leg,ankle_roll,1,6,30.238124075417545,4.682544148161772,10.833343664814947,6.583339611695237,30.238124075417545,4.682544148161772,0.2527156483333333,0.22265748333333332,4.276987982028193,2.0683400280783175,0.10971155233381756
real,kp35_kd0.5,touchdown,stance_leg,hip_pitch,1,6,35.87305008422239,3.492066822357932,7.638896173907976,6.527784003157724,34.76193791347214,2.3809546516076807,0.9880956333333333,0.18372883333333334,15.734911831378108,1.353561290856639,0.6098150369686597
real,kp35_kd0.5,touchdown,stance_leg,hip_roll,1,6,30.238124075417545,10.396835312020206,8.750008344658227,6.527784003157724,26.666692098006024,5.714291163858434,0.375154545,0.049535663333333334,6.643186605277715,0.44373405809840943,0.15312164472517217
real,kp35_kd0.5,touchdown,stance_leg,knee_pitch,1,6,28.015899733917042,4.603178993108183,6.527784003157724,6.527784003157724,28.015899733917042,2.3015894965540915,0.7437818333333334,0.4216925,9.113390834063917,3.0713750719486654,0.45353284875138217
real,kp40_kd0.8,swing,event_leg,ankle_pitch,1,6,34.34012341669162,14.118336107498555,4.546820901936105,3.031523431656398,32.77747290046566,11.51391858045531,0.3342740833333333,0.2301235,2.5312211847795605,1.2094050829995628,0.12679318497253642
real,kp40_kd0.8,swing,event_leg,ankle_roll,1,6,34.79481449228294,14.066909681255863,4.041721745176202,5.052848549792992,34.273930986874284,10.94160864880397,0.21845331666666667,0.38812445833333337,1.538605546854164,3.716365600782988,0.1672104927594932
real,kp40_kd0.8,swing,event_leg,hip_pitch,1,6,36.47202882934656,3.664005576657516,3.031523431656398,3.031523431656398,36.47202882934656,2.6054358721173583,1.0151246166666665,0.18318533333333334,10.604845641862243,0.8005208377057368,0.3292734822611101
real,kp40_kd0.8,swing,event_leg,hip_roll,1,6,34.45468723752929,6.188483015382914,3.5366225884163,3.031523431656398,30.286600849185984,2.0361809756883553,0.6855168333333332,0.06337355000000001,6.474669937915721,0.23893517648318144,0.22986960075533489
real,kp40_kd0.8,swing,event_leg,knee_pitch,1,6,29.65217186801377,3.6472028829346566,3.5366225884163,3.031523431656398,29.65217186801377,3.6472028829346566,0.9351146833333334,0.627471,5.357694651500491,3.5170531664995828,0.4269533286354723
real,kp40_kd0.8,swing,opposite_leg,ankle_pitch,1,6,16.021113878478147,8.841271933446512,3.5366225884163,3.5217667308645386,14.97934686766085,4.657401196454461,0.43646788333333336,0.22469756666666665,3.1018252572689167,1.2176737775920883,0.29843767433459817
real,kp40_kd0.8,swing,opposite_leg,ankle_roll,1,6,33.33094344824592,18.21819337587631,3.031523431656398,3.031523431656398,32.81005994283727,14.051125332607116,0.5621209533333333,0.23514185000000007,4.191355162893715,1.471352232034139,0.22825874868493032
real,kp40_kd0.8,swing,opposite_leg,hip_pitch,1,6,43.21296404743561,4.136517691045811,6.06211837221581,3.031523431656398,43.21296404743561,2.0677496729858493,1.26130572,0.19366816666666667,12.586471047611417,0.8231309756850459,0.3628338691517968
real,kp40_kd0.8,swing,opposite_leg,hip_roll,1,6,30.140468331050812,9.363173783929275,4.041721745176202,3.031523431656398,28.039113270619243,4.624814154082854,1.5776523333333332,0.10338545,13.522601997734562,0.4422061360407743,0.6710002235202858
real,kp40_kd0.8,swing,opposite_leg,knee_pitch,1,6,32.76168855181692,3.126319377526007,3.031523431656398,3.031523431656398,32.76168855181692,2.605435872117358,0.5877959166666668,0.40146183333333346,4.202454150358149,1.6350804476079712,0.1886285952863377
real,kp40_kd0.8,touchdown,landing_leg,ankle_pitch,1,6,12.779008666025524,7.937272463369891,18.26564825632996,6.528406601121735,11.588417796520039,7.937272463369891,0.18323999999999996,0.3473285666666667,2.369209712836292,2.5649634490050364,0.2949280264055423
real,kp40_kd0.8,touchdown,landing_leg,ankle_roll,1,6,40.63883501245384,12.779008666025524,8.61194062275633,7.63962474599352,39.44824414294836,10.397826927014558,0.4602153416666666,0.3550329933333334,7.1153554938310775,3.7207781893511718,0.2832457392446321
real,kp40_kd0.8,touchdown,landing_leg,hip_pitch,1,6,49.76669834532922,1.1905908695054837,8.750842890865306,6.528406601121735,49.76669834532922,0.0,0.8689836866666667,0.1848795,18.125537768669343,1.3013506649956077,0.30474905151856496
real,kp40_kd0.8,touchdown,landing_leg,hip_roll,1,6,34.84462611419382,9.286608782142773,7.63962474599352,6.528406601121735,31.35222623031107,4.524245304120838,1.4798159999999998,0.061487839999999995,24.350713821019422,0.49553757040936475,0.8963717262780113
real,kp40_kd0.8,touchdown,landing_leg,knee_pitch,1,6,40.480089563186446,1.1905908695054837,7.63962474599352,6.528406601121735,40.480089563186446,1.1905908695054837,0.3920655,0.45738883333333336,5.853751030249421,3.1765319194485415,0.2415259732367531
real,kp40_kd0.8,touchdown,stance_leg,ankle_pitch,1,6,35.79709880979821,8.254763361904686,7.63962474599352,6.528406601121735,34.60650794029272,7.064172492399202,0.44146256666666667,0.164812,7.726358608231561,1.444126385564885,0.1913918798497897
real,kp40_kd0.8,touchdown,stance_leg,ankle_roll,1,6,34.76525338956012,11.747163245787439,8.750842890865304,6.528406601121735,34.76525338956012,11.747163245787439,0.22449566166666665,0.305000325,3.285217150669896,2.9550092051515784,0.13621632248867224
real,kp40_kd0.8,touchdown,stance_leg,hip_pitch,1,6,41.98817133122672,8.175390637270988,12.08449732548066,6.528406601121735,41.98817133122672,6.984799767765504,1.0544390166666666,0.10437633333333335,17.812905917528443,0.7752195906432512,0.3434999878216009
real,kp40_kd0.8,touchdown,stance_leg,hip_roll,1,6,32.38407165054915,7.937272463369891,8.750842890865306,7.63962474599352,27.701080897160917,4.444872579487138,0.4437244833333333,0.03307696116666667,7.908258057559123,0.30517276322885584,0.15872517312097603
real,kp40_kd0.8,touchdown,stance_leg,knee_pitch,1,6,27.780453621794617,2.3811817390109673,7.63962474599352,6.528406601121735,27.780453621794617,2.3811817390109673,0.8021710000000001,0.35020049999999997,9.532617160481532,2.5192564670929087,0.4012437377714902
sim,kp25_kd0.4,swing,event_leg,ankle_pitch,1,6,18.095284445017146,8.240680716533891,3.5065764279108436,3.001525441206184,17.053616784938786,6.156327148420105,0.30594499999999997,0.19915448333333333,2.1273911143506488,1.047542587479759,0.16044528443598802
sim,kp25_kd0.4,swing,event_leg,ankle_roll,1,6,24.138076946224412,12.866072061505497,3.001525441206184,3.001525441206184,19.49588450996122,6.725527756419911,0.4725915983333333,0.043985956666666666,2.355726818708415,0.26688947999607254,0.19989228663367473
sim,kp25_kd0.4,swing,event_leg,hip_pitch,1,6,26.238213357672716,6.156327148420104,3.506576427910844,3.001525441206184,25.717379527633536,4.087756423640838,0.6755607666666666,0.20506216666666663,4.804983726247505,0.8596683728943159,0.1931321394860195
sim,kp25_kd0.4,swing,event_leg,hip_roll,1,6,26.18882833175502,8.778315637864658,4.962311624883098,3.4917219871254126,23.094372790231915,5.162008018345305,1.5119058333333333,0.08099740000000001,9.284019196570771,0.46899230602487746,0.5402110204680945
sim,kp25_kd0.4,swing,event_leg,knee_pitch,1,6,19.57785347050502,7.768213664455338,3.001525441206184,3.001525441206184,19.57785347050502,6.742328847711498,0.8220487333333334,0.4154935,3.730501543183672,1.6048608770036843,0.2868710796744855
sim,kp25_kd0.4,swing,opposite_leg,ankle_pitch,1,6,16.58013148490317,8.257481807825476,3.001525441206184,3.001525441206184,12.89967424408867,6.221495017672318,0.6745443833333332,0.1611661666666667,3.7952213399574135,0.7649190095626296,0.33376979470200346
sim,kp25_kd0.4,swing,opposite_leg,ankle_roll,1,6,24.789246514768013,10.782736741348776,3.4917219871254126,3.522359271245364,22.75325972461486,6.710763161042458,0.37942707,0.06328563,1.881834924932155,0.37738822693258545,0.22450688842756086
sim,kp25_kd0.4,swing,opposite_leg,hip_pitch,1,6,32.45970837534503,4.609608501637084,3.001525441206184,3.001525441206184,31.401239623975084,3.599506528227765,0.8963237700000001,0.20200916666666666,4.8044158865279005,0.9891911865236089,0.28282126450456685
sim,kp25_kd0.4,swing,opposite_leg,hip_roll,1,6,22.116854751448702,8.794098481199178,3.4917219871254126,3.001525441206184,19.0223992099256,6.742328847711498,1.0344179999999998,0.12057936333333334,6.113509165870152,0.5765861824562822,0.4443807180804015
sim,kp25_kd0.4,swing,opposite_leg,knee_pitch,1,6,17.4451331244306,3.599506528227765,3.001525441206184,3.001525441206184,16.940082137725945,0.5050509867046595,0.9761063333333332,0.3834546666666667,4.253821120033816,1.3209591221588903,0.2841057551672031
sim,kp25_kd0.4,touchdown,landing_leg,ankle_pitch,1,6,12.857155118681476,4.603178993108183,11.666677792877636,6.458339492485834,12.857155118681476,2.3809546516076807,0.15507441666666666,0.07425716666666667,1.605922682320867,0.6206336871205025,0.3272558213909822
sim,kp25_kd0.4,touchdown,landing_leg,ankle_roll,1,6,31.269871091114208,10.396835312020206,6.458339492485834,7.500007152564194,30.158758920363955,5.793656318912023,0.13165666666666667,0.05087553833333333,1.715381477185099,0.45421789190609624,0.3608383188953083
sim,kp25_kd0.4,touchdown,landing_leg,hip_pitch,1,6,32.14288779670369,3.492066822357932,7.569451663236085,7.569451663236085,32.14288779670369,1.1904773258038404,0.30927292666666667,0.09800150000000002,3.9474030566004035,0.7028799560328475,0.2208594090021582
sim,kp25_kd0.4,touchdown,landing_leg,hip_roll,1,6,35.71431977411521,2.3809546516076807,7.569451663236085,6.458339492485834,35.71431977411521,2.3809546516076807,0.526857,0.10313021666666666,7.062966577039663,0.7457432270691782,0.6651458373514579
sim,kp25_kd0.4,touchdown,landing_leg,knee_pitch,1,6,24.206372291344753,6.904768489662274,7.569451663236085,7.569451663236085,24.206372291344753,1.1904773258038404,0.12894116666666666,0.04861250000000001,1.2549673873063558,0.4470672517533813,0.18367723973583808
sim,kp25_kd0.4,touchdown,stance_leg,ankle_pitch,1,6,17.1428734915753,12.777789963627887,6.458339492485834,7.569451663236085,16.03176132082505,10.476200467073795,0.18611816666666667,0.039885999999999984,1.5637545865506812,0.3587331992574954,0.06429530884068786
sim,kp25_kd0.4,touchdown,stance_leg,ankle_roll,1,6,21.825417639737072,9.365088296323544,6.458339492485834,7.569451663236085,16.11112647587864,4.761909303215361,0.044017985,0.036898705,0.4403397858137601,0.36845187360531084,0.016326499006578395
sim,kp25_kd0.4,touchdown,stance_leg,hip_pitch,1,6,20.873035779094,2.222224341500502,7.569451663236085,6.458339492485834,19.76192360834375,2.222224341500502,0.2608621666666666,0.17818766666666666,2.828952935994995,1.2802415383937913,0.2692154615115055
sim,kp25_kd0.4,touchdown,stance_leg,hip_roll,1,6,29.60320283498883,2.3809546516076807,11.875011324893308,6.458339492485834,29.60320283498883,1.1904773258038404,0.21463393333333333,0.06792764999999999,2.7001535274480215,0.49554409163529184,0.09826581356342062
sim,kp25_kd0.4,touchdown,stance_leg,knee_pitch,1,6,8.015880660412526,5.714291163858434,6.458339492485834,6.458339492485834,8.015880660412526,3.412701667304342,0.48449749999999997,0.142626,3.8734259162090354,1.2289745053747547,0.18437746775632982
sim,kp35_kd0.5,swing,event_leg,ankle_pitch,1,6,14.28296744422085,8.942893205129579,4.104761265208963,3.063019093853058,12.14907622224988,7.90013271298056,0.3863935666666667,0.22795276666666667,2.415141870532457,1.26007124562194,0.19136995740273063
sim,kp35_kd0.5,swing,event_leg,ankle_roll,1,6,27.99771188588393,16.221341073913873,3.063019093853058,3.063019093853058,25.91219090158589,8.926090912043193,0.4487250166666666,0.07045555223333333,2.4569856746467327,0.4017693974330207,0.15991639206681924
sim,kp35_kd0.5,swing,event_leg,hip_pitch,1,6,20.555314369408237,5.245370405331641,4.0889772929156925,3.063019093853058,20.017640990643898,2.6389783353556484,0.634778,0.18436099999999997,5.078162481913789,0.7901747143491149,0.18053234864768722
sim,kp35_kd0.5,swing,event_leg,hip_roll,1,6,25.63469848546225,10.017221641865142,3.063019093853058,3.063019093853058,22.507435329808303,6.857372220831539,1.6260433333333333,0.09002991833333333,9.296637790283656,0.48391244905845693,0.6251906702775569
sim,kp35_kd0.5,swing,event_leg,knee_pitch,1,6,18.323664351298298,8.94085656354335,3.063019093853058,3.063019093853058,18.323664351298298,7.8823120991010605,0.6532965833333333,0.4025618333333334,3.2045359122595816,1.4446745245186803,0.2669002393527998
sim,kp35_kd0.5,swing,opposite_leg,ankle_pitch,1,6,15.815031077461278,9.511116207687346,3.063019093853058,3.063019093853058,12.622595391048018,6.384871372826516,0.6651510833333333,0.15105666666666667,3.8067493915365613,0.9038596042136877,0.3517290328196294
sim,kp35_kd0.5,swing,opposite_leg,ankle_roll,1,6,20.995228952033603,11.662828043537814,3.063019093853058,3.063019093853058,17.88578641025916,8.453590064038169,0.36959019000000004,0.13776059300000001,1.7011213146928135,0.6798437114254038,0.13771895177806973
sim,kp35_kd0.5,swing,opposite_leg,hip_pitch,1,6,34.658548193644414,3.159849421033601,3.063019093853058,3.063019093853058,34.658548193644414,1.5804338709133576,0.8077461666666665,0.22995233333333334,4.596424206037313,1.0842474769781592,0.27207268663718565
sim,kp35_kd0.5,swing,opposite_leg,hip_roll,1,6,20.538512076321854,5.7504575187163205,3.063019093853058,3.063019093853058,17.37866265528825,3.127263155653944,0.8486723333333334,0.11636114999999998,5.343166498457428,0.6234741555700186,0.3599374995179114
sim,kp35_kd0.5,swing,opposite_leg,knee_pitch,1,6,15.799247105168005,3.159849421033601,3.063019093853058,3.063019093853058,15.799247105168005,0.0,1.0312681666666668,0.4446860000000001,4.712778702923462,1.4907548637149721,0.29613376511602046
sim,kp35_kd0.5,touchdown,landing_leg,ankle_pitch,1,6,11.539297898096182,0.0,13.651783121768815,6.984633225091021,11.539297898096182,0.0,0.19288715,0.06547833333333332,1.708061143309629,0.48948730917392885,0.323649521583605
sim,kp35_kd0.5,touchdown,landing_leg,ankle_roll,1,6,18.591091058043848,5.036995114248334,6.984633225091021,6.984633225091021,16.209966094944637,2.5642884217991515,0.12381399999999998,0.09247457333333335,1.1457727883398752,0.7425737534216997,0.2585833766880472
sim,kp35_kd0.5,touchdown,landing_leg,hip_pitch,1,6,31.046206249639727,0.0,6.984633225091021,6.984633225091021,31.046206249639727,0.0,0.22017718333333333,0.10772266666666667,2.602963349470952,0.813053984486472,0.22382935813158503
sim,kp35_kd0.5,touchdown,landing_leg,hip_roll,1,6,36.266364822587995,0.0,6.984633225091021,6.984633225091021,34.98422061168842,0.0,0.262306,0.09118246666666667,3.0855700683697793,0.6830118027166666,0.6226471534648611
sim,kp35_kd0.5,touchdown,landing_leg,knee_pitch,1,6,21.33854293854294,2.381124963099212,12.93744563283905,6.984633225091021,20.056398727643366,0.0,0.102447,0.0462405,0.9612274529257738,0.3716702533988028,0.16643508384193353
sim,kp35_kd0.5,touchdown,stance_leg,ankle_pitch,1,6,11.539297898096182,5.128576843598303,6.984633225091021,6.984633225091021,10.257153687196606,3.8464326326987273,0.08454083333333334,0.054912499999999996,0.6879255013486912,0.44835062798450936,0.024929547198770257
sim,kp35_kd0.5,touchdown,stance_leg,ankle_roll,1,6,24.72706692449181,8.517100829547182,6.984633225091021,6.984633225091021,20.972216021143062,2.381124963099212,0.024631311666666666,0.017500156,0.26161363463644033,0.15489344377644954,0.008765804949920289
sim,kp35_kd0.5,touchdown,stance_leg,hip_pitch,1,6,12.45511519159588,5.036995114248334,8.175195706640627,6.984633225091021,12.45511519159588,2.4727066924491816,0.25263933333333327,0.13228883333333333,2.168512941418143,1.071121223804458,0.21148657488177536
sim,kp35_kd0.5,touchdown,stance_leg,hip_roll,1,6,15.935220906894727,1.190562481549606,6.984633225091021,6.984633225091021,15.935220906894727,0.0,0.14960834666666667,0.058500851666666666,1.5497360526414958,0.45006103034146455,0.10332327117215388
sim,kp35_kd0.5,touchdown,stance_leg,knee_pitch,1,6,0.0,7.5097018066975165,6.984633225091021,6.984633225091021,0.0,4.945413384898363,0.48027783333333324,0.11777066666666668,3.6158193978783575,1.0906352755308912,0.1841623044802184
sim,kp40_kd0.5,swing,event_leg,ankle_pitch,1,6,19.176611857933683,8.83860299624927,3.5205864035480285,3.015523375190927,18.13491936194716,8.31775674825601,0.38856956666666664,0.24074933333333334,2.5463264550701807,1.2409082405711784,0.172681740153624
sim,kp40_kd0.5,swing,event_leg,ankle_roll,1,6,29.530403939254256,15.514904902344698,3.015523375190927,4.02564943190513,26.926172699287957,8.270407089347529,0.43154615,0.07723633333333332,2.4786325276048875,0.40471661063724657,0.1452208420489963
sim,kp40_kd0.5,swing,event_leg,hip_pitch,1,6,23.264465743698974,3.109294268323404,4.02564943190513,3.015523375190927,23.264465743698974,1.0259092763503617,0.647564,0.18500666666666668,5.214001758696113,0.750049532220782,0.1736766485813127
sim,kp40_kd0.5,swing,event_leg,hip_roll,1,6,25.332067516035853,8.28619030898369,3.015523375190927,3.015523375190927,21.701926999719188,5.697742288653547,1.6406166666666666,0.08824693,9.207333965203125,0.4769638537190704,0.6035406589646262
sim,kp40_kd0.5,swing,event_leg,knee_pitch,1,6,20.723367382277303,8.301973528619849,3.015523375190927,3.015523375190927,20.202521134284044,6.218588536646808,0.6364903333333333,0.4207185,2.9261500649179317,1.4660117451121775,0.26699052609276697
sim,kp40_kd0.5,swing,opposite_leg,ankle_pitch,1,6,15.009841873987597,11.916330825300355,3.015523375190927,3.5205864035480285,11.379701357670934,10.874638329313832,0.7440568333333334,0.1374795,4.338802863860579,0.998570546073004,0.3801568920658933
sim,kp40_kd0.5,swing,opposite_leg,ankle_roll,1,6,22.254339686984768,13.999715817273396,3.015523375190927,3.015523375190927,19.650108447018464,8.30197352861985,0.39458897666666665,0.17895496333333336,1.7306171250827982,0.9322828186267037,0.14467159771538698
sim,kp40_kd0.5,swing,opposite_leg,hip_pitch,1,6,33.128978016298596,3.109294268323404,3.015523375190927,3.015523375190927,32.60813176830535,2.5884480203301434,0.8004185516666666,0.24606016666666664,4.341603947519483,1.1844226606882327,0.27123269628218977
sim,kp40_kd0.5,swing,opposite_leg,hip_roll,1,6,22.759402715341867,4.671833012303185,3.015523375190927,3.015523375190927,19.650108447018468,3.109294268323404,0.8645936666666666,0.11020828,5.51247572864584,0.595266511686085,0.37602357814889825
sim,kp40_kd0.5,swing,opposite_leg,knee_pitch,1,6,14.504778845630499,3.109294268323404,3.015523375190927,3.015523375190927,13.478869569280137,0.5208462479932605,1.0291458333333332,0.453232,4.585590043686111,1.4864693862086604,0.28236821699705333
sim,kp40_kd0.5,touchdown,landing_leg,ankle_pitch,1,6,17.540117456230185,0.0,6.527939641515533,6.527939641515533,17.540117456230185,0.0,0.24947101666666668,0.07111333333333332,2.116099334888618,0.4951480711107478,0.2783902378417557
sim,kp40_kd0.5,touchdown,landing_leg,ankle_roll,1,6,35.23896900708689,3.4921500817833846,6.527939641515533,6.527939641515533,34.048463297388004,0.0,0.120542,0.11175323333333333,1.0971998247012318,0.8082930738029916,0.23909069221109694
sim,kp40_kd0.5,touchdown,landing_leg,hip_pitch,1,6,35.08023491246038,0.0,6.527939641515533,6.527939641515533,35.08023491246038,0.0,0.20721205,0.12391499999999998,2.419687973641605,0.8656729727586016,0.19784107480916638
sim,kp40_kd0.5,touchdown,landing_leg,hip_roll,1,6,31.429350736050463,0.0,7.6390783039011545,6.527939641515533,31.429350736050463,0.0,0.23449416666666664,0.08799502,3.778827983765336,0.6131481477791024,0.6304058915781807
sim,kp40_kd0.5,touchdown,landing_leg,knee_pitch,1,6,28.095934748893598,2.3016443720845037,8.750216966286777,6.527939641515533,28.095934748893598,0.0,0.13033550000000002,0.052363333333333345,1.1305620011405015,0.3832892657661034,0.16621142423088284
sim,kp40_kd0.5,touchdown,stance_leg,ankle_pitch,1,6,7.06366721088003,3.4921500817833846,6.527939641515533,6.527939641515533,7.06366721088003,1.1905057096988811,0.0969475,0.06253383333333332,0.7126089393591905,0.5116923702243384,0.026468266830661443
sim,kp40_kd0.5,touchdown,stance_leg,ankle_roll,1,6,25.476822187556056,6.984300163566769,6.527939641515533,6.527939641515533,19.68302773368817,2.3016443720845037,0.022386388333333337,0.019089478333333333,0.2631372353420846,0.17545461477626925,0.007857277139112252
sim,kp40_kd0.5,touchdown,stance_leg,hip_pitch,1,6,13.889233279820282,4.603288744169007,7.6390783039011545,6.527939641515533,13.889233279820282,1.1111386623856225,0.26813116666666664,0.13075566666666663,2.268342593968239,0.9588645692081202,0.19305976992600707
sim,kp40_kd0.5,touchdown,stance_leg,hip_roll,1,6,16.270244699218043,3.4921500817833846,6.527939641515533,6.527939641515533,13.968600327133538,1.1905057096988811,0.149121095,0.05565635,1.728164468218082,0.39794088302900527,0.10754397180465604
sim,kp40_kd0.5,touchdown,stance_leg,knee_pitch,1,6,0.0,6.984300163566769,6.527939641515533,6.527939641515533,0.0,4.603288744169007,0.5003941666666667,0.13705183333333334,3.491196089874679,1.1388412540480315,0.19429457367100297
sim,kp50_kd0.8,swing,event_leg,ankle_pitch,1,6,18.791969731233376,8.84250112048444,4.026961907126744,3.031595717493387,16.219059552619537,7.816493994043341,0.37438499999999997,0.22836394833333337,2.767026546479366,1.2874149201142775,0.1637417676215914
sim,kp50_kd0.8,swing,event_leg,ankle_roll,1,6,26.02035542203132,17.731338046679127,3.031595717493387,4.026961907126744,23.414857424016873,10.43777671707996,0.40606704999999993,0.1388207366666667,2.261553985067059,0.6341806915142909,0.13309050069152972
sim,kp50_kd0.8,swing,event_leg,hip_pitch,1,6,19.817976857674477,4.722687889697869,3.5367069182028517,3.031595717493387,19.280277837564398,1.5794908715733467,0.6149328666666668,0.19446600000000003,5.122114727550958,0.7882033567501412,0.17073470865649898
sim,kp50_kd0.8,swing,event_leg,hip_roll,1,6,30.351480294243732,8.875088939885053,3.031595717493387,3.031595717493387,27.241889464876085,4.690100070297259,1.5784861666666667,0.084465605,9.092572951279912,0.4330250504305673,0.6044321258801709
sim,kp50_kd0.8,swing,event_leg,knee_pitch,1,6,21.851151277465693,7.799690899664902,3.031595717493387,3.031595717493387,21.330255351734063,6.773683773223801,0.6265123333333333,0.40629516666666676,3.008327900174319,1.4323318318965195,0.2646226806879779
sim,kp50_kd0.8,swing,opposite_leg,ankle_pitch,1,6,16.120277725061438,12.000464494274866,3.031595717493387,3.031595717493387,11.967876674874255,10.958672642811594,0.6970359999999999,0.14821466666666666,3.977144347697578,1.0922904109665774,0.35662104019956636
sim,kp50_kd0.8,swing,opposite_leg,ankle_roll,1,6,21.395430990535285,13.043274715094405,3.031595717493387,3.031595717493387,20.353639139072012,8.875088939885053,0.36849807666666673,0.18026900999999998,1.699239705819279,0.8284310965984636,0.10846611035205957
sim,kp50_kd0.8,swing,opposite_leg,hip_pitch,1,6,30.728276956063286,3.1263939237460825,3.031595717493387,3.031595717493387,29.702269829622185,2.067798977904372,0.7873248166666666,0.2385818333333333,4.282557972089635,1.1079916210453946,0.2654377462634206
sim,kp50_kd0.8,swing,opposite_leg,hip_roll,1,6,18.726794092432154,6.253806216848434,3.031595717493387,3.031595717493387,15.062701148575995,3.680896038234598,0.8476196666666667,0.11768755333333332,5.176242689042325,0.5778260544117768,0.3565131962792114
sim,kp50_kd0.8,swing,opposite_leg,knee_pitch,1,6,10.48614926150274,3.1263939237460825,3.031595717493387,3.031595717493387,9.965253335771104,0.5376990201100754,1.0323481666666667,0.44808500000000007,4.646438920557199,1.488530950133233,0.2917854222692396
sim,kp50_kd0.8,touchdown,landing_leg,ankle_pitch,1,6,14.232479447682843,0.0,10.259169280124022,6.687311503678522,13.041860188867675,0.0,0.23815421,0.06315116666666666,1.9838539162914914,0.4494869909320294,0.32292140181172985
sim,kp50_kd0.8,touchdown,landing_leg,ankle_roll,1,6,20.484756991409668,8.621304581779569,7.729103355141793,6.687311503678522,19.202551635762564,4.957860708502132,0.13138551666666665,0.08484598333333333,1.1564050999213806,0.6506035612361034,0.17061870181168412
sim,kp50_kd0.8,touchdown,landing_leg,hip_pitch,1,6,35.590357228890305,0.0,6.687311503678522,6.687311503678522,33.19690723168238,0.0,0.20247967166666667,0.11476833333333335,2.5205473007321477,0.8129886679289057,0.19852576922489518
sim,kp50_kd0.8,touchdown,landing_leg,hip_roll,1,6,30.974417948560728,0.0,6.687311503678522,6.687311503678522,30.974417948560728,0.0,0.2537606666666667,0.08753274166666668,3.3767594854817653,0.6293937195583713,0.5901732739404252
sim,kp50_kd0.8,touchdown,landing_leg,knee_pitch,1,6,15.5818479410067,4.786899994415851,8.909800786800167,6.687311503678522,13.200609423376365,1.282205355647103,0.1333656666666667,0.053988166666666663,1.1069462862298673,0.41176675017539394,0.15776048040453963
sim,kp50_kd0.8,touchdown,stance_leg,ankle_pitch,1,6,7.143715552891003,3.4924831591911567,6.687311503678522,6.687311503678522,5.953096294075835,1.1906192588151672,0.10394733333333334,0.07333916666666666,0.7766208485354884,0.5755281986881849,0.02784583153048577
sim,kp50_kd0.8,touchdown,stance_leg,ankle_roll,1,6,20.405382374155323,7.168138512046185,6.687311503678522,6.687311503678522,20.405382374155323,1.1112446415608226,0.026775738333333337,0.017792729333333333,0.26428960244954425,0.16751010299152766,0.007972762034503861
sim,kp50_kd0.8,touchdown,stance_leg,hip_pitch,1,6,14.336277024092373,4.774688514838259,6.687311503678522,6.687311503678522,14.336277024092373,0.0,0.2717093333333333,0.12348850000000001,2.2114137520087995,0.9717840557246582,0.18348086810994058
sim,kp50_kd0.8,touchdown,stance_leg,hip_roll,1,6,22.969793085449528,3.675655352855029,7.8779307624936905,6.687311503678522,20.576343088241607,1.1112446415608226,0.14009021666666668,0.05582901666666667,1.499902522720432,0.40565737014453634,0.10351705563280533
sim,kp50_kd0.8,touchdown,stance_leg,knee_pitch,1,6,0.0,7.168138512046185,6.687311503678522,6.687311503678522,0.0,5.885933156399083,0.5060344999999999,0.13815833333333333,3.5886728739205283,1.1551760560209263,0.19220025499768167
