dataset,case_label,diag_csv,step_index,touchdown_side,touchdown_time_sec,first_contact_time_sec,fc_to_stable_ms,touchdown_source,base_euler_x_rad,base_euler_y_rad,base_euler_z_rad,touchdown_leg_hip_pitch_rad,touchdown_leg_hip_roll_rad,touchdown_leg_hip_yaw_rad,touchdown_leg_knee_pitch_rad,touchdown_leg_ankle_pitch_rad,touchdown_leg_ankle_roll_rad,support_leg_hip_pitch_rad,support_leg_hip_roll_rad,support_leg_hip_yaw_rad,support_leg_knee_pitch_rad,support_leg_ankle_pitch_rad,support_leg_ankle_roll_rad,touchdown_leg_sole_roll_rad,touchdown_leg_sole_pitch_rad,support_leg_sole_roll_rad,support_leg_sole_pitch_rad,fc_touchdown_leg_sole_roll_rad,fc_touchdown_leg_sole_pitch_rad,fc_touchdown_leg_ankle_roll_rad
real,25/0.4 all_ankles,t27_tracking_lag_b1_diag_20260430_100024.csv,1,left,1777514424.878831,1777514424.878831,0.0,kinematic_fk_hip,0.0114875,0.0697089,-0.38549,0.269889,-0.0764127,-0.365956,0.232881,-0.0529142,-0.019616,-0.564993,-0.118981,0.426549,1.27677,-0.352239,0.00270993,0.0502443969394375,-0.04007683326570244,-0.5130053927104985,0.04948431809978464,0.0502443969394375,-0.04007683326570244,-0.019616
real,25/0.4 all_ankles,t27_tracking_lag_b1_diag_20260430_100024.csv,2,right,1777514425.088886,1777514425.0488515,40.0,kinematic_fk_hip,0.010406,0.0308801,-0.532593,-0.407374,-0.0650992,0.250714,0.372667,-0.0528379,-0.0664449,0.569403,-0.030776,-0.338536,0.803914,-0.196952,0.0379727,-0.002735895514395903,-0.007577439665756046,0.20759453101206926,-0.06760428089267338,-0.038557682512325275,-0.019599881357169252,-0.0712826
real,25/0.4 all_ankles,t27_tracking_lag_b1_diag_20260430_100024.csv,3,left,1777514425.4288707,1777514425.3588588,70.0,kinematic_fk_hip,0.0650251,0.0340876,-0.521274,0.397212,0.0351863,-0.268355,0.19223,0.136966,-0.274578,-0.368065,0.0185041,0.301911,0.469501,-0.157592,0.0314827,0.03402082958102959,0.26741738903929635,-0.047358283064049544,0.055365527835226296,-0.2524518858234983,0.021203725359255805,-0.0163921
real,25/0.4 all_ankles,t27_tracking_lag_b1_diag_20260430_100024.csv,4,right,1777514425.7888448,1777514425.7388427,50.0,kinematic_fk_hip,0.013942,-0.0123992,-0.519171,-0.432877,-0.0208049,0.360012,0.303062,0.0720394,0.00526891,0.573622,-0.0896435,-0.389349,0.570362,-0.0598139,-0.224724,-0.010547819834998862,-0.005238606036187813,0.08630465044176461,0.12248385260930919,0.1762156431284576,0.053588314894231576,0.0317332
real,25/0.4 all_ankles,t27_tracking_lag_b1_diag_20260430_100024.csv,5,left,1777514426.0589106,1777514426.0589106,0.0,kinematic_fk_hip,0.0526908,-0.0188446,-0.594056,0.519165,0.0135183,-0.216199,0.539298,-0.244551,-0.0565746,-0.557323,-0.000862598,0.387623,0.305363,0.139843,0.0319049,-0.1427410728805183,0.06987031168971013,0.0032864189219201645,0.03340231072225592,-0.1427410728805183,0.06987031168971013,-0.0565746
real,25/0.4 all_ankles,t27_tracking_lag_b1_diag_20260430_100024.csv,6,right,1777514426.4787288,1777514426.4687335,10.0,kinematic_fk_hip,-0.017919,0.057863,-0.477823,-0.406991,-0.0248318,0.210255,0.423481,-0.257318,0.0186221,0.759044,0.0906024,-0.463749,0.466241,0.1418,-0.0231259,0.11567316949142437,0.01979652505825174,0.06345397798401042,0.07261173180483013,0.1217905860620152,0.036833885518484835,0.0272663
real,30/0.4 all_ankles,t27_tracking_lag_b1_diag_20260430_100314.csv,1,left,1777514594.977654,1777514594.977654,0.0,kinematic_fk_hip,-0.017617,0.0563685,1.19385,0.305171,-0.0624146,-0.323195,0.251097,-0.0306704,0.0141533,-0.580525,-0.101915,0.403731,1.23689,-0.402627,0.0276689,0.027412142642609716,-0.06102416306458718,-0.38884400344739456,0.037346850999447394,0.027412142642609716,-0.06102416306458718,0.0141533
real,30/0.4 all_ankles,t27_tracking_lag_b1_diag_20260430_100314.csv,2,right,1777514595.167746,1777514595.1277688,40.0,kinematic_fk_hip,0.00594707,0.0181633,1.09852,-0.439013,-0.0771799,0.299227,0.357327,0.0698652,-0.0613695,0.544667,-0.0290504,-0.331249,0.65013,-0.231208,0.103468,-0.0530350175086205,-0.007408942392625857,0.010617529798877978,-0.15297774183376722,0.15718876542016869,-0.023723928983701025,-0.0523177
real,30/0.4 all_ankles,t27_tracking_lag_b1_diag_20260430_100314.csv,3,left,1777514595.4575558,1777514595.4575558,0.0,kinematic_fk_hip,0.0513604,-0.0203579,1.00482,0.556748,0.0403633,-0.267972,0.476596,-0.261366,-0.0342044,-0.508618,-0.087534,0.366531,0.442273,0.0111325,-0.093324,-0.26811914052225316,0.028641173335084747,0.01382096799630772,-0.009441668505236537,-0.26811914052225316,0.028641173335084747,-0.0342044
real,30/0.4 all_ankles,t27_tracking_lag_b1_diag_20260430_100314.csv,4,right,1777514595.8776815,1777514595.8676746,10.0,kinematic_fk_hip,0.0064112,0.00891994,1.30576,-0.605644,-0.056087,0.33796,0.683687,-0.211571,-0.0252335,0.971504,-0.103833,-0.301528,0.740061,0.0315061,-0.194516,0.021861340721691658,-0.000244966217092725,0.08006225574165438,0.17315307692839516,0.05174777917319484,-0.02864729975557594,-0.0475261
real,30/0.4 all_ankles,t27_tracking_lag_b1_diag_20260430_100314.csv,5,left,1777514596.3676941,1777514596.3676941,0.0,kinematic_fk_hip,-0.0479304,-0.0550933,1.50919,0.351383,-0.0714269,-0.254357,0.354451,-0.0501859,0.197767,-0.656266,-0.0346107,0.370174,1.26872,-0.52805,0.0280273,-0.03466435493295883,-0.21381037706664396,-0.14947348101407743,-0.024081407066543232,-0.03466435493295883,-0.21381037706664396,0.197767
real,30/0.4 all_ankles,t27_tracking_lag_b1_diag_20260430_100314.csv,6,right,1777514596.5476913,1777514596.537712,10.0,kinematic_fk_hip,-0.0346808,-0.000252145,1.568,-0.561733,-0.0601139,0.237675,0.367874,0.0427499,-0.0544491,0.672565,-0.036912,-0.337385,0.515521,0.00737171,-0.0066059,0.06741472872299448,-0.02832538839957643,0.01449384270278986,0.00047596494641551773,0.10935900304409851,-0.03744071365287084,-0.0691213
real,35/0.5 all_ankles,t27_tracking_lag_b1_diag_20260430_100705.csv,1,left,1777514825.9877677,1777514825.9877677,0.0,kinematic_fk_hip,-0.0153757,0.0102661,-1.27608,0.362504,-0.0666332,-0.313992,0.342946,-0.139107,0.166166,-0.575347,-0.10901,0.387815,1.1993,-0.429021,0.0888928,-0.10876940537392366,-0.19424579826707866,-0.25618559657351336,0.08095398714987773,-0.10876940537392366,-0.19424579826707866,0.166166
real,35/0.5 all_ankles,t27_tracking_lag_b1_diag_20260430_100705.csv,2,right,1777514826.1375866,1777514826.1375866,0.0,kinematic_fk_hip,-0.00676652,-0.0672906,-1.24896,-0.547736,-0.0890679,0.338536,0.523383,-0.173316,-0.101245,0.612547,-0.101148,-0.361162,0.632489,-0.122523,-0.0109375,0.21623222211591497,-0.08958415822055199,-0.04032107764295212,-0.054575807819249145,0.21623222211591497,-0.08958415822055199,-0.101245
real,35/0.5 all_ankles,t27_tracking_lag_b1_diag_20260430_100705.csv,3,left,1777514826.4476342,1777514826.4476342,0.0,kinematic_fk_hip,0.051702,-0.0527313,-1.28268,0.532587,-0.0213804,-0.209104,0.669113,-0.24961,-0.109887,-0.559816,-0.0461164,0.51974,0.231155,0.183589,-0.0240952,-0.10155054347416748,0.10661209446669062,0.1265932632177713,-0.06997730362236343,-0.10155054347416748,0.10661209446669062,-0.109887
real,35/0.5 all_ankles,t27_tracking_lag_b1_diag_20260430_100705.csv,4,right,1777514826.837477,1777514826.837477,0.0,kinematic_fk_hip,0.00299337,0.067004,-1.01829,-0.481965,-0.0501428,0.244386,0.677934,0.0,0.0,0.842648,0.0973134,-0.30402,0.491936,0.0271639,-0.013873,-0.30577009157164836,0.009997926284022362,-0.12456662207018132,0.13618029071565707,-0.30577009157164836,0.009997926284022362,0.0
real,35/0.5 all_ankles,t27_tracking_lag_b1_diag_20260430_100705.csv,5,left,1777514827.2476904,1777514827.2277038,20.0,kinematic_fk_hip,0.227959,0.179104,-0.593854,0.462215,0.173246,-0.2371,0.629421,-0.272962,0.0830918,0.176698,-0.0712352,0.478513,0.612164,0.0,0.0,0.07086900672878804,-0.11568768338518123,-0.625462417786184,0.4069561030176772,0.04225517360694697,-0.0764014304392513,0.0607269
real,35/0.5 all_ankles,t27_tracking_lag_b1_diag_20260430_100705.csv,6,right,1777514827.4775395,1777514827.4775395,0.0,kinematic_fk_hip,0.12732,0.11192,-0.598695,-0.893845,-0.0378704,0.500757,1.04955,0.0,0.0,0.3138,0.0464993,-0.329715,1.03267,-0.294605,0.0239871,-0.46375688180581776,0.02483741335823693,0.5451959842242275,-0.07293663599094524,-0.46375688180581776,0.02483741335823693,0.0
real,40/0.8 all_ankles,t27_tracking_lag_b1_diag_20260430_101404.csv,1,left,1777515244.5889251,1777515244.5889251,0.0,kinematic_fk_hip,-0.0225517,0.0440161,-0.103195,0.299227,-0.0384459,-0.329907,0.319169,-0.15001,0.133619,-0.595865,-0.0750699,0.353876,1.08598,-0.325429,0.0332777,0.004257870600449243,-0.1541453855671293,-0.338160162508117,0.019718243802962443,0.004257870600449243,-0.1541453855671293,0.133619
real,40/0.8 all_ankles,t27_tracking_lag_b1_diag_20260430_101404.csv,2,right,1777515244.758935,1777515244.758935,0.0,kinematic_fk_hip,-0.0108655,0.0099991,-0.11212,-0.51207,-0.0687423,0.313416,0.363463,-0.0875725,-0.0145142,0.422905,-0.0225306,-0.334892,0.613698,-0.217782,-0.0326209,0.11819869622259027,-0.004326829510226189,0.1068442845713442,0.00377011033193618,0.11819869622259027,-0.004326829510226189,-0.0145142
real,40/0.8 all_ankles,t27_tracking_lag_b1_diag_20260430_101404.csv,3,left,1777515245.0688696,1777515245.0688696,0.0,kinematic_fk_hip,0.0412277,-0.0222439,-0.190066,0.594139,0.0183125,-0.224444,0.391075,-0.188659,0.0347991,-0.468159,0.0351863,0.316484,0.494812,-0.155596,0.00367764,-0.2613877456293756,-0.02357722494351721,0.022875666232534453,-0.028063584315271506,-0.2613877456293756,-0.02357722494351721,0.0347991
real,40/0.8 all_ankles,t27_tracking_lag_b1_diag_20260430_101404.csv,4,right,1777515245.4390283,1777515245.4290211,10.0,kinematic_fk_hip,-0.0246498,-0.0748161,0.0271076,-0.441505,-0.0269408,0.347548,0.503633,-0.20944,0.0344853,0.678701,-0.0601139,-0.411784,0.563459,-0.0446012,-0.119122,0.11953628518878912,-0.01999062148373673,-0.013243190062347754,0.061730224882484405,0.13392268769958515,-0.1185805674691673,-0.074619
real,40/0.8 all_ankles,t27_tracking_lag_b1_diag_20260430_101404.csv,5,left,1777515245.7589765,1777515245.7589765,0.0,kinematic_fk_hip,-0.0133786,-0.00427805,0.10803,0.467967,-0.00527287,-0.243619,0.481006,-0.273307,0.0695947,-0.491169,0.0179291,0.622901,0.324921,-0.0245918,-0.165482,-0.1355084967396729,-0.05044359127857059,0.027718595318616313,-0.33314325939980427,-0.1355084967396729,-0.05044359127857059,0.0695947
real,40/0.8 all_ankles,t27_tracking_lag_b1_diag_20260430_101404.csv,6,right,1777515246.1590714,1777515246.1590714,0.0,kinematic_fk_hip,-0.0551717,0.00837232,0.254024,-0.488293,-0.0543613,0.278518,0.435561,-0.264918,0.412005,0.51322,0.0789051,-0.312841,0.518206,-0.160744,0.117062,0.21912048210300106,0.36980369475602987,-0.026844798236827172,-0.003275620702553661,0.21912048210300106,0.36980369475602987,0.412005
sim,2504,t27_tracking_lag_b1_diag_20260506_133905_2504.csv,1,left,1778045946.048306,1778045946.048306,0.0,kinematic_fk_hip,-0.0319855,-0.0179476,0.0527358,0.450776,0.00151355,-0.393967,0.433456,-0.104696,0.0100917,-0.569334,-0.0795166,0.355948,0.828042,-0.294199,0.0127056,-0.18550695720684462,0.03848914391795465,-0.09461469137197609,-0.005869425286837174,-0.18550695720684462,0.03848914391795465,0.0100917
sim,2504,t27_tracking_lag_b1_diag_20260506_133905_2504.csv,2,left,1778045946.7483065,1778045946.7483065,0.0,kinematic_fk_hip,-0.0288345,0.0131032,0.0378475,0.415642,0.00650926,-0.346167,0.461945,-0.185041,0.00596426,-0.592249,-0.0810024,0.354859,0.843077,-0.310396,0.003604,-0.18527507953325628,0.06104499964445986,-0.10741714941908853,-0.010637990403290578,-0.18527507953325628,0.06104499964445986,0.00596426
sim,2504,t27_tracking_lag_b1_diag_20260506_133905_2504.csv,3,right,1778045946.9683053,1778045946.9683053,0.0,kinematic_fk_hip,-0.0229598,0.0175124,0.065434,-0.514969,-0.0929762,0.32534,0.551669,-0.184407,-0.0108847,0.444085,-0.0799974,-0.361343,0.631754,-0.321167,-0.0698636,0.0016862753397328678,0.0012726026227819175,-0.13735574129152073,0.04790655785425139,0.0016862753397328678,0.0012726026227819175,-0.0108847
sim,2504,t27_tracking_lag_b1_diag_20260506_133905_2504.csv,4,left,1778045947.4082992,1778045947.4082992,0.0,kinematic_fk_hip,-0.0163284,0.0317734,0.0617515,0.398413,-0.00666626,-0.305048,0.51363,-0.26958,-0.0282548,-0.536306,-0.0424114,0.333156,0.90496,-0.349109,0.00466986,-0.18417972286740403,0.08247217061515569,-0.2022647916227096,-0.024448442675972046,-0.18417972286740403,0.08247217061515569,-0.0282548
sim,2504,t27_tracking_lag_b1_diag_20260506_133905_2504.csv,5,right,1778045947.7683032,1778045947.7683032,0.0,kinematic_fk_hip,0.0337158,0.0403079,0.0640904,-0.472687,0.000128531,0.297193,0.568822,-0.281523,0.00514466,0.550943,0.00180915,-0.35578,1.04628,-0.312729,0.0046929,-0.0010875435566206626,-0.0017884046386042844,0.2047147798216724,-0.009378335671934121,-0.0010875435566206626,-0.0017884046386042844,0.00514466
sim,2504,t27_tracking_lag_b1_diag_20260506_133905_2504.csv,6,left,1778045948.0883052,1778045948.0883052,0.0,kinematic_fk_hip,-0.0126147,0.0234083,0.0908003,0.430065,-0.0143875,-0.298937,0.544584,-0.271666,-0.0384488,-0.486205,-0.0122244,0.335808,0.935404,-0.364501,0.0109844,-0.18377096732063847,0.08279664502107745,-0.2545599130125782,-0.042324820026683065,-0.18377096732063847,0.08279664502107745,-0.0384488
sim,3505,t27_tracking_lag_b1_diag_20260506_133024_3505.csv,1,left,1778045425.262834,1778045425.262834,0.0,kinematic_fk_hip,-0.036149,-0.00910546,0.0429272,0.422558,-0.00308159,-0.380948,0.449668,-0.150249,0.14725,-0.588587,-0.0814069,0.351816,0.842796,-0.301825,0.00832991,-0.20009327805610932,-0.08807722076425838,-0.0952744890968027,-0.011273041936416803,-0.20009327805610932,-0.08807722076425838,0.14725
sim,3505,t27_tracking_lag_b1_diag_20260506_133024_3505.csv,2,right,1778045425.6128368,1778045425.6128368,0.0,kinematic_fk_hip,0.0660079,0.0268587,0.0726581,-0.413533,-0.0128192,0.301945,0.519585,-0.257531,-0.0336888,0.618272,0.0281,-0.35114,0.88125,-0.332683,-0.0245346,0.0013909758204220246,0.0025018182820858875,-0.0694516974804904,0.01947488827597224,0.0013909758204220246,0.0025018182820858875,-0.0336888
sim,3505,t27_tracking_lag_b1_diag_20260506_133024_3505.csv,3,left,1778045425.9128406,1778045425.9128406,0.0,kinematic_fk_hip,-0.00290803,0.0340423,0.06879,0.410008,0.0305737,-0.325605,0.511003,-0.250933,0.0763528,-0.516604,-0.0776027,0.326935,0.903815,-0.35315,-0.00327602,-0.19871669565163153,-0.0018954354357423042,-0.2021736877388305,0.013774988765350344,-0.19871669565163153,-0.0018954354357423042,0.0763528
sim,3505,t27_tracking_lag_b1_diag_20260506_133024_3505.csv,4,right,1778045426.272838,1778045426.272838,0.0,kinematic_fk_hip,0.0400858,0.0499242,0.0676501,-0.448128,-0.0226216,0.30689,0.534294,-0.266456,-0.0185265,0.5679,-0.00136539,-0.36636,1.01752,-0.318953,-0.000249768,-0.0011166961485653548,-0.0014929844977594332,0.154161827975263,-0.013016792194385715,-0.0011166961485653548,-0.0014929844977594332,-0.0185265
sim,3505,t27_tracking_lag_b1_diag_20260506_133024_3505.csv,5,left,1778045426.5928369,1778045426.5928369,0.0,kinematic_fk_hip,-0.010568,0.0220107,0.0927676,0.435018,0.015333,-0.307023,0.542503,-0.25636,0.0281465,-0.480668,-0.0380829,0.3199,0.927067,-0.361505,0.00282526,-0.19805062428761433,0.04407727541843339,-0.24285647289722623,-0.02056614256345629,-0.19805062428761433,0.04407727541843339,0.0281465
sim,3505,t27_tracking_lag_b1_diag_20260506_133024_3505.csv,6,right,1778045426.972846,1778045426.972846,0.0,kinematic_fk_hip,0.0380949,0.0209617,0.101774,-0.469813,-0.0240524,0.319447,0.536584,-0.225393,-0.0128114,0.551453,-0.0151747,-0.350755,1.03613,-0.324917,-0.00644345,-0.00025683617736071973,6.842286979760921e-05,0.15250826308834187,-0.010660073540067275,-0.00025683617736071973,6.842286979760921e-05,-0.0128114
sim,4005,t27_tracking_lag_b1_diag_20260506_134153_4005.csv,1,left,1778046114.0419912,1778046114.0419912,0.0,kinematic_fk_hip,-0.0360396,0.0143978,0.079596,0.387386,-0.00975132,-0.32326,0.490734,-0.239209,0.174853,-0.581905,-0.0856334,0.340429,0.882551,-0.327753,-0.00189481,-0.22200290153379676,-0.10757941682313629,-0.13535216217477863,-0.012793218836491635,-0.22200290153379676,-0.10757941682313629,0.174853
sim,4005,t27_tracking_lag_b1_diag_20260506_134153_4005.csv,2,right,1778046114.382012,1778046114.382012,0.0,kinematic_fk_hip,0.0419495,0.047517,0.0910512,-0.447434,-0.0302189,0.308738,0.517272,-0.245481,-0.025444,0.582001,0.00154696,-0.371017,0.987934,-0.330752,-0.0030628,-0.0003529455424986505,0.0016347102787514544,0.07712543278149098,-0.015200028719785527,-0.0003529455424986505,0.0016347102787514544,-0.025444
sim,4005,t27_tracking_lag_b1_diag_20260506_134153_4005.csv,3,left,1778046114.7019968,1778046114.7019968,0.0,kinematic_fk_hip,-0.0119023,0.0179982,0.100708,0.417819,0.0285586,-0.308104,0.541106,-0.259633,0.0823631,-0.496636,-0.0574173,0.322722,0.909605,-0.352469,0.00229797,-0.22078169384121993,-0.0008841868277284365,-0.2126113652459365,-0.004257216100119478,-0.22078169384121993,-0.0008841868277284365,0.0823631
sim,4005,t27_tracking_lag_b1_diag_20260506_134153_4005.csv,4,right,1778046115.0719929,1778046115.0719929,0.0,kinematic_fk_hip,0.0374187,0.0277921,0.112617,-0.453287,-0.031816,0.313944,0.530069,-0.23391,-0.0221805,0.563716,-0.0029412,-0.352596,1.02034,-0.323818,-0.00504094,-0.0004217847343521708,0.0004230886334922377,0.1100198143190485,-0.005407588179250342,-0.0004217847343521708,0.0004230886334922377,-0.0221805
sim,4005,t27_tracking_lag_b1_diag_20260506_134153_4005.csv,5,left,1778046115.4221342,1778046115.4221342,0.0,kinematic_fk_hip,-0.0299127,-0.00533109,0.109378,0.410244,0.0230397,-0.32421,0.528274,-0.231242,0.129999,-0.535286,-0.0740722,0.333735,0.906448,-0.341442,0.00342234,-0.2219302551810014,-0.04049461633614168,-0.16371668292876906,-0.009234319775767233,-0.2219302551810014,-0.04049461633614168,0.129999
sim,4005,t27_tracking_lag_b1_diag_20260506_134153_4005.csv,6,right,1778046115.7920072,1778046115.7920072,0.0,kinematic_fk_hip,0.0402715,0.00912275,0.138001,-0.454629,-0.0354089,0.325946,0.523068,-0.207564,-0.0227583,0.574692,0.00262601,-0.353887,0.985625,-0.341447,-0.012056,0.0010886069270279464,0.0023636838878122175,0.028953860711305346,0.004625678859177293,0.0010886069270279464,0.0023636838878122175,-0.0227583
sim,5008,t27_tracking_lag_b1_diag_20260506_134417_5008.csv,1,left,1778046258.257408,1778046258.257408,0.0,kinematic_fk_hip,-0.049088,-0.0165199,-0.00178253,0.392033,-0.018826,-0.364107,0.462706,-0.181262,0.226112,-0.590185,-0.0876173,0.345805,0.853574,-0.298351,0.00191603,-0.19709328951141591,-0.17101641850057464,-0.09696870095955301,-0.019219260794706778,-0.19709328951141591,-0.17101641850057464,0.226112
sim,5008,t27_tracking_lag_b1_diag_20260506_134417_5008.csv,2,right,1778046258.6174128,1778046258.6174128,0.0,kinematic_fk_hip,0.067679,0.0455127,0.0392185,-0.402247,-0.015885,0.29366,0.503343,-0.2655,-0.040623,0.611962,0.0447311,-0.361514,0.897105,-0.340521,-0.0153936,0.0012646592958021063,0.0055577793866937305,-0.03873164117194983,0.008695194268264955,0.0012646592958021063,0.0055577793866937305,-0.040623
sim,5008,t27_tracking_lag_b1_diag_20260506_134417_5008.csv,3,left,1778046258.9173946,1778046258.9173946,0.0,kinematic_fk_hip,-0.00537929,0.0297131,0.0350868,0.392557,0.0264582,-0.306973,0.527873,-0.276418,0.20308,-0.529407,-0.0813146,0.326033,0.907083,-0.344903,-0.000659595,-0.19488214983513452,-0.13300579898393544,-0.1979362216969045,0.020609102984114953,-0.19488214983513452,-0.13300579898393544,0.20308
sim,5008,t27_tracking_lag_b1_diag_20260506_134417_5008.csv,4,right,1778046259.2674158,1778046259.2674158,0.0,kinematic_fk_hip,0.0468701,0.0441884,0.0439665,-0.442657,-0.0285041,0.304306,0.531933,-0.26065,-0.0298504,0.568869,-0.00822868,-0.360728,1.00892,-0.318811,-0.00676359,0.00022100109753053765,0.0032905379279779758,0.14383227540903265,-0.025865447064378363,0.00022100109753053765,0.0032905379279779758,-0.0298504
sim,5008,t27_tracking_lag_b1_diag_20260506_134417_5008.csv,5,left,1778046259.6173985,1778046259.6173985,0.0,kinematic_fk_hip,-0.0208482,0.01481,0.0663076,0.407292,0.0143851,-0.30306,0.534877,-0.261342,0.212457,-0.527953,-0.0745857,0.317729,0.927109,-0.350844,-0.00283342,-0.1947405866080565,-0.13776005223667376,-0.19971645737867538,0.0006156444053085353,-0.1947405866080565,-0.13776005223667376,0.212457
sim,5008,t27_tracking_lag_b1_diag_20260506_134417_5008.csv,6,right,1778046259.977389,1778046259.977389,0.0,kinematic_fk_hip,0.0443617,0.0198456,0.0780268,-0.461028,-0.0266272,0.329295,0.505317,-0.198155,-0.0174282,0.571967,-0.0115007,-0.353717,1.01074,-0.333134,-0.012948,0.0008143712168617867,0.0041719105234882415,0.10483332823515967,-0.01611158402355782,0.0008143712168617867,0.0041719105234882415,-0.0174282
