kp_case,phase,side,joint,joint dominant hz real,joint dominant hz sim,joint dominant hz sim-real,joint dominant hz sim/real,joint dir hz real,joint dir hz sim,joint dir hz sim-real,joint dir hz sim/real,joint path/s real,joint path/s sim,joint path/s sim-real,joint path/s sim/real,joint range real,joint range sim,joint range sim-real,joint range sim/real
kp25_kd0.4,complete_support,left,hip_pitch,3.1912491459079084,2.6724761899715395,-0.518772955936369,0.8374389048872652,3.3068720997201537,4.390879136791256,1.084007037071102,1.3278043433136821,1.380176437522234,0.7934678364508092,-0.5867086010714249,0.5749031898235306,0.34745200000000004,0.21507475000000004,-0.13237725,0.6190056468231584
kp25_kd0.4,complete_support,left,hip_roll,3.1912491459079084,2.6724761899715395,-0.518772955936369,0.8374389048872652,12.567699683001527,5.7989881020753655,-6.768711580926161,0.4614200090983079,0.4912663591407383,0.625202801118907,0.13393644197816873,1.2726350776642503,0.1117905,0.13853533,0.02674483000000001,1.239240633148613
kp25_kd0.4,complete_support,left,knee_pitch,3.1912491459079084,2.6724761899715395,-0.518772955936369,0.8374389048872652,3.307976077795607,5.1997347549849895,1.8917586771893826,1.5718779799792344,1.8540154693088482,1.2578008662335656,-0.5962146030752826,0.6784198336287112,0.4430713333333334,0.42048225000000006,-0.022589083333333315,0.94901705067807
kp25_kd0.4,complete_support,left,ankle_pitch,3.966778706338957,2.9412935809726606,-1.0254851253662962,0.741481640070428,5.952851505485764,9.312512233313274,3.35966072782751,1.564378386514675,1.3646279092978757,0.9224274695412465,-0.44220043975662915,0.675955301262929,0.31667993333333333,0.18043125,-0.13624868333333334,0.5697590248324333
kp25_kd0.4,complete_support,left,ankle_roll,3.1912491459079084,2.6724761899715395,-0.518772955936369,0.8374389048872652,11.642811233176735,10.550427700020544,-1.092383533156191,0.9061752774928281,1.6005128231092185,0.6550711426217466,-0.9454416804874719,0.4092882813329667,0.2541671,0.141136975,-0.11303012499999998,0.5552920696659797
kp25_kd0.4,complete_support,right,hip_pitch,4.104554638914285,2.6262682919946556,-1.4782863469196297,0.6398424489457746,4.236208064446816,3.8352488452838056,-0.4009592191630107,0.9053494981683885,0.5630954309448981,1.409161830614166,0.8460663996692679,2.502527552478152,0.11255766666666667,0.26580899999999996,0.1532513333333333,2.36153616072354
kp25_kd0.4,complete_support,right,hip_roll,3.152130702465255,2.6262682919946556,-0.5258624104705993,0.8331723966714557,9.320285106663789,9.2329875392175,-0.08729756744628858,0.9906335947401573,0.4039630157999641,0.6698450396469074,0.26588202384694337,1.6581840748971035,0.08731046666666666,0.1367255,0.049415033333333344,1.5659691812436387
kp25_kd0.4,complete_support,right,knee_pitch,3.152130702465255,2.6262682919946556,-0.5258624104705993,0.8331723966714557,5.216644469614935,3.8352488452838056,-1.3813956243311294,0.7351946002114466,1.1066730766932584,1.2525021219074528,0.14582904521419437,1.1317724703757426,0.209456,0.40448500000000004,0.19502900000000004,1.9311215720724164
kp25_kd0.4,complete_support,right,ankle_pitch,3.152130702465255,2.6262682919946556,-0.5258624104705993,0.8331723966714557,11.062213826778546,8.096608040900541,-2.9656057858780045,0.7319157058147713,0.7737075983737186,0.7721470563522483,-0.001560542021470268,0.9979830338686728,0.15131206666666666,0.164366,0.01305393333333335,1.0862715949950676
kp25_kd0.4,complete_support,right,ankle_roll,4.342316908681647,4.14140996341273,-0.20090694526891628,0.9537327768806463,21.628070193406376,10.369367037534458,-11.258703155871919,0.4794402341405248,0.861451768505911,0.36871226690787384,-0.49273950159803714,0.4280126646525584,0.10971036666666667,0.055632089999999995,-0.054078276666666675,0.5070814335078028
kp25_kd0.4,complete_swing,left,hip_pitch,3.2139152139981326,2.6262682919946556,-0.587646922003477,0.817155437254849,3.322055372977677,2.6988693469668474,-0.6231860260108295,0.8124095007326005,1.3179062707720675,0.7767177888833364,-0.541188481888731,0.5893573815597013,0.259821,0.191227,-0.06859400000000002,0.7359951659026791
kp25_kd0.4,complete_swing,left,hip_roll,3.2139152139981326,2.6262682919946556,-0.587646922003477,0.817155437254849,1.4706546077521794,8.096608040900541,6.6259534331483625,5.505444989069048,0.31496424290930747,0.6111293828069513,0.2961651398976438,1.940313532615584,0.08791755,0.13483784999999998,0.046920299999999984,1.5336852539680643
kp25_kd0.4,complete_swing,left,knee_pitch,3.2139152139981326,2.6262682919946556,-0.587646922003477,0.817155437254849,3.322055372977677,6.534118192250652,3.212062819272975,1.9668902106209893,3.8931589167089573,1.8000322304605447,-2.0931266862484126,0.46235775856336836,0.749171,0.46727300000000005,-0.281898,0.6237200852675825
kp25_kd0.4,complete_swing,left,ankle_pitch,3.2139152139981326,2.6262682919946556,-0.587646922003477,0.817155437254849,4.792709980729857,8.806877188884568,4.014167208154712,1.8375568779030136,2.0400132503121013,0.9066027977285758,-1.1334104525835256,0.4444102495853273,0.40340005,0.17560949999999997,-0.22779055000000004,0.4353234462910948
kp25_kd0.4,complete_swing,left,ankle_roll,3.2139152139981326,2.6262682919946556,-0.587646922003477,0.817155437254849,8.114765353707533,10.369367037534458,2.254601683826925,1.2778394180919632,2.6937488486100296,0.3162952255963625,-2.3774536230136674,0.11741823138395784,0.4137615,0.06653175,-0.34722975,0.16079734339710194
kp25_kd0.4,complete_swing,right,hip_pitch,3.1912491459079084,3.5252610713028663,0.33401192539495783,1.1046649478381394,5.82085362755064,3.6616129489977016,-2.1592406785529388,0.6290508546146819,0.9710331602678638,0.9322577382878958,-0.03877542197996797,0.9600678704223946,0.2085606666666667,0.17624699999999996,-0.03231366666666674,0.8450634667450875
kp25_kd0.4,complete_swing,right,hip_roll,3.1912491459079084,3.5252610713028663,0.33401192539495783,1.1046649478381394,11.509709377166155,8.207091533477438,-3.302617843688717,0.7130581029056473,0.25065965988732836,0.433171740350627,0.18251208046329864,1.7281270570036595,0.04576446333333334,0.0801477155,0.034383252166666656,1.751308977802937
kp25_kd0.4,complete_swing,right,knee_pitch,3.1912491459079084,3.5252610713028663,0.33401192539495783,1.1046649478381394,1.7199869778653654,6.43936026251337,4.719373284648005,3.7438424507754737,4.356600239559983,1.2638860350116787,-3.092714204548304,0.29010833345116177,0.9186126666666666,0.32098849999999995,-0.5976241666666666,0.34942746997465013
kp25_kd0.4,complete_swing,right,ankle_pitch,3.1912491459079084,3.5252610713028663,0.33401192539495783,1.1046649478381394,7.4077387494054285,8.207091533477438,0.7993527840720098,1.1079077990076485,2.130185839224082,1.0010363270277927,-1.1291495121962891,0.46992910599406634,0.5101571333333333,0.18218,-0.32797713333333334,0.3571056603867279
kp25_kd0.4,complete_swing,right,ankle_roll,4.092214751432471,7.57927066400141,3.4870559125689384,1.852119481595706,14.286582682791439,9.21710757602904,-5.069475106762399,0.6451583125705272,1.3051069215126088,0.3715218375349403,-0.9335850839776685,0.28466773979280513,0.18470573333333332,0.043318529999999994,-0.14138720333333332,0.23452726246360878
kp35_kd0.5,complete_support,left,hip_pitch,4.309321884259179,2.6815059594733164,-1.627815924785863,0.6222570584175096,2.3052724529739534,2.755477559679001,0.45020510670504743,1.1952936652343427,1.534343984547106,0.9013440437149786,-0.6329999408321275,0.587445874453654,0.32405866666666666,0.24280366666666664,-0.08125500000000002,0.7492583647405407
kp35_kd0.5,complete_support,left,hip_roll,4.309321884259179,2.6815059594733164,-1.627815924785863,0.6222570584175096,9.060361844368984,2.755477559679001,-6.304884284689983,0.30412444966439506,0.6218601335122088,0.7339993623664137,0.11213922885420491,1.1803286990289164,0.1213783,0.14939473333333333,0.02801643333333334,1.230819127746338
kp35_kd0.5,complete_support,left,knee_pitch,4.309321884259179,2.6815059594733164,-1.627815924785863,0.6222570584175096,2.565136849366927,4.5585816925108285,1.9934448431439016,1.777130016917375,1.7025120807525225,1.41932717311908,-0.2831849076334425,0.8336664327760466,0.35218066666666664,0.4969303333333333,0.14474966666666667,1.4110096901022393
kp35_kd0.5,complete_support,left,ankle_pitch,5.14299136030343,2.6815059594733164,-2.4614854008301137,0.5213903294045416,7.95036338800706,9.117163385021657,1.1667999970145972,1.1467605869153967,0.800052244322103,0.9521083180123523,0.15205607369024932,1.1900576803194758,0.15035143333333334,0.164565,0.01421356666666665,1.0945356246465225
kp35_kd0.5,complete_support,left,ankle_roll,4.309321884259179,2.6815059594733164,-1.627815924785863,0.6222570584175096,8.805409004462703,11.12355295957852,2.3181439551158167,1.263263631926802,2.35953753694303,0.9897496698121326,-1.3697878671308974,0.41946765173926104,0.31115513333333333,0.214115006,-0.09704012733333334,0.6881294346849921
kp35_kd0.5,complete_support,right,hip_pitch,2.9097579819371995,3.0375865785354246,0.1278285965982251,1.0439310064245007,1.8876886947144709,3.13300085840086,1.2453121636863893,1.6597020828557505,1.6804265229292268,1.4897061544363528,-0.190720368492874,0.8865047856062038,0.5290400333333333,0.269279,-0.2597610333333333,0.5089955070192861
kp35_kd0.5,complete_support,right,hip_roll,2.9097579819371995,3.0375865785354246,0.1278285965982251,1.0439310064245007,5.6988097631148,8.287905415818317,2.5890956527035174,1.4543221760903973,0.8715430690682674,0.5259064357804863,-0.34563663328778105,0.6034199048163074,0.2155914933333333,0.10283023333333334,-0.11276125999999996,0.4769679533428716
kp35_kd0.5,complete_support,right,knee_pitch,2.9097579819371995,3.0375865785354246,0.1278285965982251,1.0439310064245007,1.8876886947144709,3.13300085840086,1.2453121636863893,1.6597020828557505,1.3692590802574618,1.4389950481039582,0.06973596784649638,1.0509297099810972,0.35748766666666665,0.42054433333333335,0.0630566666666667,1.176388369575454
kp35_kd0.5,complete_support,right,ankle_pitch,1.041506655983054,3.0375865785354246,1.9960799225523707,2.9165311244874546,1.075103644885733,11.482344104206812,10.407240459321079,10.680220608336985,0.45856718296404636,0.8161010506782217,0.35753386771417534,1.7796760889062737,0.13054333333333334,0.13297233333333333,0.0024289999999999867,1.0186068483006918
kp35_kd0.5,complete_support,right,ankle_roll,2.083013311966108,3.0375865785354246,0.9545732665693167,1.4582655622437273,4.300414579542932,14.55390713262004,10.253492553077109,3.3843032720270654,0.4005064256427214,0.5097913786960797,0.10928495305335834,1.272866915625588,0.05662683333333333,0.07539909666666668,0.01877226333333335,1.3315082661047033
kp35_kd0.5,complete_swing,left,hip_pitch,2.7521166640809467,3.128040448939177,0.3759237848582302,1.1365944219460506,2.8315330420717064,3.229151885829567,0.3976188437578605,1.1404252882978687,1.0826601295159968,0.686606389826216,-0.39605373968978075,0.634184607992504,0.31044400000000005,0.19135500000000003,-0.11908900000000003,0.616391362049194
kp35_kd0.5,complete_swing,left,hip_roll,2.7521166640809467,3.128040448939177,0.3759237848582302,1.1365944219460506,10.932354275701332,9.687455657488702,-1.2448986182126305,0.8861271244219016,0.33788023535836154,0.5533652406122683,0.2154850052539068,1.6377555793559802,0.08599975,0.088395195,0.002395444999999996,1.0278540925991064
kp35_kd0.5,complete_swing,left,knee_pitch,2.7521166640809467,3.128040448939177,0.3759237848582302,1.1365944219460506,5.663066084143413,6.458303771659134,0.795237687515721,1.1404252882978687,3.1355313355099534,1.6554116517756654,-1.480119683734288,0.5279525141490682,0.5995045000000001,0.45186149999999997,-0.14764300000000014,0.7537249511888566
kp35_kd0.5,complete_swing,left,ankle_pitch,2.7521166640809467,3.128040448939177,0.3759237848582302,1.1365944219460506,5.663066084143413,9.791595249811923,4.12852916566851,1.7290271920414975,1.9192603101565864,1.00771882016162,-0.9115414899949663,0.5250558326188716,0.44217115,0.1885015,-0.25366965,0.4263089077611689
kp35_kd0.5,complete_swing,left,ankle_roll,2.7521166640809467,4.740923422238913,1.988806758157966,1.7226462395707038,7.275721551472012,12.916607543318268,5.640885991846256,1.775302621456837,2.9568272060726923,0.38166104134869727,-2.575166164723995,0.1290778982839602,0.39374849999999995,0.06878137000000001,-0.32496712999999994,0.1746835099054346
kp35_kd0.5,complete_swing,right,hip_pitch,4.309321884259179,2.6815059594733164,-1.627815924785863,0.6222570584175096,4.530180922184492,4.660224413373347,0.1300434911888546,1.028706025967313,2.1125444408560163,0.9560380232233502,-1.156506417632666,0.4525528574612885,0.45380933333333334,0.21182866666666667,-0.24198066666666668,0.4667789996973766
kp35_kd0.5,complete_swing,right,hip_roll,4.309321884259179,2.6815059594733164,-1.627815924785863,0.6222570584175096,8.805409004462703,9.218806105884175,0.4133971014214719,1.0469480862515252,0.35589994275193443,0.47933827485838454,0.12343833210645011,1.3468343690981928,0.048001666666666665,0.1014215,0.05341983333333333,2.112874552966911
kp35_kd0.5,complete_swing,right,knee_pitch,4.309321884259179,2.6815059594733164,-1.627815924785863,0.6222570584175096,2.3052724529739534,10.920267517853484,8.61499506487953,4.737083247477155,4.586396402422236,1.1500013361404529,-3.436395066281783,0.2507418101787052,0.8518859999999999,0.3662536666666667,-0.4856323333333332,0.42993272182741205
kp35_kd0.5,complete_swing,right,ankle_pitch,2.919521165929131,4.533343178342819,1.6138220124136882,1.552769416864321,3.0799540856661807,6.512089069274457,3.432134983608276,2.114346151970613,1.6899555985560275,1.2521940297072836,-0.43776156884874395,0.7409626801894755,0.3255786666666667,0.2497022666666667,-0.07587639999999998,0.7669491039543951
kp35_kd0.5,complete_swing,right,ankle_roll,2.919521165929131,2.6815059594733164,-0.23801520645581453,0.9184745741070637,5.30486255487672,15.478849210364311,10.173986655487592,2.9178605572230563,1.645606661036296,0.3747433426721749,-1.2708633183641211,0.22772352078119684,0.23843406666666667,0.06603728013333333,-0.17239678653333335,0.2769624368553599
