stage,case_label,side,axis,window,events,mean_output_hp_rms_rad,mean_joint_hp_rms_rad,mean_output_range_rad,mean_joint_range_rad,mean_output_path_length_rad,mean_joint_path_length_rad,mean_output_direction_change_rate_hz,mean_joint_direction_change_rate_hz,mean_output_dominant_freq_hz,mean_joint_dominant_freq_hz,mean_output_flip_rate,mean_joint_flip_rate,mean_tracking_err_rms_rad,mean_joint_to_output_hp_rms_ratio
real,25/0.4 all_ankles,left,pitch,swing,4,0.06090945870503357,0.01070603441493006,0.515106,0.272729875,1.2530324,0.45144305,30.773104324948335,4.738201157322102,6.865962025197566,3.054169314656848,0.4345238095238095,0.052091609725091366,0.2351002330905561,0.2585612360021582
real,25/0.4 all_ankles,left,pitch,touchdown,4,0.06787487354522023,0.011100564702116539,0.38593289999999997,0.22098057499999998,0.894290775,0.2576464,42.447723999053935,7.418048854203599,8.691022669924958,6.905196093912981,0.47581585081585087,0.08012820512820512,0.25589821843984417,0.19854487623377773
real,25/0.4 all_ankles,left,roll,swing,4,0.03107624014434837,0.007090168973038869,0.46583467500000003,0.2359754,0.9490175725,0.411528565,29.235709268583182,12.551192427374504,4.616767568667329,3.054169314656848,0.3131144393241168,0.13216205837173578,0.2801857466903786,0.2100194374181442
real,25/0.4 all_ankles,left,roll,touchdown,4,0.04557717702587862,0.01263581291276531,0.324936675,0.2308252,0.6106391775000001,0.292633475,44.37092185014375,7.555420129281444,12.262675821948914,6.905196093912981,0.5,0.09006410256410256,0.3132193114732084,0.3305018757139901
real,25/0.4 all_ankles,right,pitch,swing,4,0.05977980918575469,0.007447581919511885,0.6467835,0.1688305,1.3870956999999997,0.24496354999999997,20.490199685653558,13.357694752025076,3.8117927105407174,3.054169314656848,0.3427840909090909,0.1722992670331501,0.19768771441310956,0.11943308702042946
real,25/0.4 all_ankles,right,pitch,touchdown,4,0.06486446438525592,0.011685468688627073,0.3535465,0.20188615,0.93864695,0.21974330000000003,25.276314614323375,12.912899857317377,15.596218763837939,6.905196093912981,0.3107517482517482,0.17323232323232324,0.24773813462526476,0.09160089994375196
real,25/0.4 all_ankles,right,roll,swing,4,0.046484903285570985,0.00886357654451149,0.40861116750000004,0.11525753000000001,1.125775985,0.26591774749999997,36.24219821398501,16.583704050627357,3.8117927105407174,3.8117927105407174,0.3872543566926214,0.1870026525198939,0.1637094060296237,0.19885168360199512
real,25/0.4 all_ankles,right,roll,touchdown,4,0.06962495615991016,0.00971836508346527,0.4416928,0.106307666,1.0711416599999999,0.14975695699999997,38.87607084702997,27.74899756572458,6.905196093912981,8.571967564857493,0.44507575757575757,0.3121794871794872,0.15636389791627797,0.1501326922418348
real,30/0.4 all_ankles,left,pitch,swing,4,0.0574481961931848,0.011271398214726372,0.49129649999999997,0.23192335000000003,1.20170735,0.45079277500000003,25.170377768031553,5.497189731606625,7.467383681472928,3.055471801035361,0.3682142857142857,0.061129032258064514,0.2184318625556954,0.21864173024799421
real,30/0.4 all_ankles,left,pitch,touchdown,4,0.07340108179097883,0.013855396605360757,0.35821725000000004,0.23444365,1.0112149,0.26237452499999997,32.96813273294006,5.494688788823344,8.452662920139913,6.785940654196832,0.3557692307692308,0.06118881118881119,0.2620898244829355,0.2912374508749356
real,30/0.4 all_ankles,left,roll,swing,4,0.03860308170262733,0.011281874568706034,0.47140347499999996,0.304659525,1.1006587475000003,0.5921705799999999,29.76027916938691,11.848208043365542,3.055471801035361,3.055471801035361,0.314340007415647,0.12482040229885058,0.27121712021934646,0.44108883832906826
real,30/0.4 all_ankles,left,roll,touchdown,4,0.04087473704991246,0.017702447189784393,0.3218658725,0.251767385,0.6520621775,0.37286482,44.09487753030734,12.637784214293692,10.357488366932007,6.785940654196832,0.47596153846153844,0.13782051282051283,0.32874023471298364,0.4914626034702464
real,30/0.4 all_ankles,right,pitch,swing,4,0.02437826596001402,0.005039953137993125,0.279384425,0.17288320000000001,0.8110606,0.285819675,13.609324953769109,7.867747793138572,15.601846211029693,3.055471801035361,0.18662464985994395,0.10444139194139193,0.23007881160731913,0.12392236678280806
real,30/0.4 all_ankles,right,pitch,touchdown,4,0.07349353001619588,0.00812135781651419,0.32554047499999994,0.18294785000000002,0.823993215,0.21200964999999997,24.176630670822718,7.143095425470348,11.786107452026076,6.785940654196832,0.4326923076923077,0.08012820512820512,0.2315038895752612,0.11544302005409882
real,30/0.4 all_ankles,right,roll,swing,4,0.04045423291990607,0.004391009205761192,0.46731159999999994,0.12152755,1.27510871,0.252846362,27.463801047277833,18.79110215979175,3.055471801035361,3.055471801035361,0.28640850945494994,0.20699233716475093,0.16030707641817493,0.1788210324657039
real,30/0.4 all_ankles,right,roll,touchdown,4,0.09518320710333848,0.007761092652072053,0.4704300975,0.123261975,1.3628407475,0.1579988825,41.897002014778,16.62143358619062,10.357488366932007,6.785940654196832,0.451923076923077,0.1794871794871795,0.1960056680669739,0.10270998482601146
real,35/0.5 all_ankles,left,pitch,swing,4,0.06242824957591897,0.008553558114764005,0.45862175,0.31228802499999997,1.1127259999999999,0.49861902499999994,24.499844544938085,6.9871907026695315,5.3046008948616405,3.7671161513785085,0.4815772669220945,0.08224137931034484,0.23335496438859743,0.14578295774669964
real,35/0.5 all_ankles,left,pitch,touchdown,4,0.03538378063227095,0.012593529999785543,0.27654524999999996,0.22936535,0.5528190999999999,0.299984975,35.56895904028498,8.947186658691665,19.80721222560669,6.681771817653946,0.44471153846153844,0.09958791208791208,0.26817286559381753,0.2893442368039278
real,35/0.5 all_ankles,left,roll,swing,4,0.025562279549741086,0.013927459236774208,0.46725757500000004,0.40240519999999996,0.9604897750000001,0.85817863,32.827347815449464,11.6511729544132,3.03179736101701,3.7893985389652203,0.34440408324063776,0.12208008898776418,0.2065271051043177,0.6717819012241953
real,35/0.5 all_ankles,left,roll,touchdown,4,0.04576658488187359,0.018031229660404144,0.33030265000000003,0.32981914999999995,0.6953487,0.40159806749999993,34.27770692270512,12.793469562121041,13.363543635307892,6.681771817653946,0.3695054945054945,0.13804945054945056,0.20837951959042236,0.4966714540261338
real,35/0.5 all_ankles,right,pitch,swing,4,0.03295280293514449,0.020831748962248004,0.37306095,0.39567332499999996,1.1006562999999998,0.5900053249999999,23.177861037853056,6.251737139802469,10.773534398175284,4.54699971691343,0.30486531986531984,0.08872504307286916,0.3072093988383769,1.1415441457477746
real,35/0.5 all_ankles,right,pitch,touchdown,4,0.05657759892389148,0.009961466030603649,0.2409867,0.301032,0.68182445,0.31191674999999996,31.319732213639195,1.9231414517146874,16.607700108021838,6.6867323015571785,0.451948051948052,0.020833333333333332,0.3215559542747601,0.15163766777301527
real,35/0.5 all_ankles,right,roll,swing,4,0.04988078219202169,0.020887502440604642,0.3995235,0.287624275,1.3608386849999998,0.5861014899999999,40.64927449341879,9.4776518330013,4.54699971691343,5.328275931672523,0.4229438959955506,0.11907918637618303,0.17070386420020595,0.6013579795212922
real,35/0.5 all_ankles,right,roll,touchdown,4,0.06804120255317592,0.010576248669806304,0.34540055,0.15558192999999998,0.976676715,0.23695570999999996,36.96094713866895,7.1797280864015,10.01521700062607,6.6867323015571785,0.4033466533466533,0.07738095238095238,0.1550621747091678,0.2426962175213935
real,40/0.8 all_ankles,left,pitch,swing,4,0.028731801882004117,0.007594023808496527,0.48202659999999997,0.20297042499999998,0.9415776,0.37244239999999995,21.876885433668928,8.619694491146053,12.33534341010986,3.0542404988563763,0.2611538461538461,0.09800190076886406,0.2545147092066852,0.40861810863706927
real,40/0.8 all_ankles,left,pitch,touchdown,4,0.04299900296555392,0.010714678223028518,0.34876124999999997,0.23785225,0.5880652499999999,0.279065075,26.07367570053603,14.048829829512563,13.230306905123589,6.563065630100679,0.5611111111111111,0.16783216783216784,0.27217583390247274,0.2823266233070565
real,40/0.8 all_ankles,left,roll,swing,4,0.019015400818772933,0.009800440360411222,0.38850737500000004,0.2504132,0.7480763966999999,0.552418225,33.873887123100275,12.576688745853453,3.8118815528362524,4.569522606816129,0.3548387096774194,0.136939853805816,0.18346209762681212,0.5558624445789542
real,40/0.8 all_ankles,left,roll,touchdown,4,0.02782542957150369,0.015376924864715417,0.29578432499999996,0.3044082,0.50695373,0.40655462499999995,40.36062128987084,12.382019510756836,8.229875948856407,6.563065630100679,0.4423076923076924,0.14722777222777222,0.18080982216159475,0.6341454001970661
real,40/0.8 all_ankles,right,pitch,swing,4,0.03796000515115042,0.004306705798949237,0.35658996249999997,0.16051137499999998,0.8055253374999999,0.27075865,18.222336599703496,13.458821223017521,3.8118815528362524,3.0542404988563763,0.34615384615384615,0.15843467155311233,0.18027854007629787,0.1060115678496726
real,40/0.8 all_ankles,right,pitch,touchdown,4,0.07421680454419743,0.006901455900454517,0.358588025,0.20540635,0.9358255749999999,0.226866975,30.35975937733647,10.596151312089985,6.563065630100679,6.563065630100679,0.4571678321678322,0.12603021978021978,0.24478343449093298,0.20445809103688098
real,40/0.8 all_ankles,right,roll,swing,4,0.028313736323070805,0.007790234774001991,0.37682857500000005,0.173157175,1.0292808599999999,0.4201789250000001,25.93469482862365,19.60854477810418,4.569522606816129,3.8355578357731237,0.27543424317617865,0.22031107462141944,0.15303377336179685,0.5442113249232037
real,40/0.8 all_ankles,right,roll,touchdown,4,0.059058952390835695,0.016072521498921147,0.385310075,0.18994272,0.9379378299999999,0.35418146247499993,43.69424192738229,24.76403902151367,9.896686267612134,8.229875948856407,0.4697802197802198,0.29387279387279386,0.1701506563278256,0.273462818573059
sim,2504,left,pitch,swing,4,0.015549711584884163,0.01066592711815813,0.31847499999999995,0.15321275,0.504675,0.27698175,13.973768691564334,9.33214292237863,4.526003038440682,3.0326588533965415,0.1899669312169312,0.0984375,0.12168637546726421,0.9380031113297257
sim,2504,left,pitch,touchdown,4,0.022201331316999,0.017327160019165917,0.2536982,0.15330247500000002,0.34928344999999994,0.21603195000000003,10.992502382283256,18.824660329660073,22.268977742775498,8.693237300655674,0.125,0.2073135198135198,0.23322291493291436,0.25273287847009995
sim,2504,left,roll,swing,4,0.027242635558262493,0.0023343932625667927,0.40439525,0.0546119425,0.5553593800000001,0.0740813125,20.38006785226073,11.092232746638647,5.329789973860896,3.0326588533965415,0.24486863711001644,0.13615900383141763,0.1534261950001617,0.09755367895959202
sim,2504,left,roll,touchdown,4,0.04118912132947539,0.005373158992082898,0.36228467500000006,0.047677477499999996,0.526958475,0.080384475,29.54235015238625,22.39722360390213,10.241348052827233,8.693237300655674,0.3269230769230769,0.25597319347319347,0.3262299916391442,0.24030693931899416
sim,2504,right,pitch,swing,4,0.04591608999474593,0.0021353641557489336,0.49408157499999994,0.08799225,0.9107511499999998,0.12418225,13.488674490867671,3.910546792702702,3.0326588533965415,3.0326588533965415,0.2375,0.04650063856960408,0.2024037001356661,0.08566923294074569
sim,2504,right,pitch,touchdown,4,0.04537403509312283,0.007493070621879683,0.3537135,0.0936415,0.49281299999999995,0.130863,29.817162711943325,12.916190299182823,6.906955663534645,8.574151858180938,0.3326048951048951,0.14102564102564102,0.11693643972432463,0.23099081592940857
sim,2504,right,roll,swing,4,0.012633500292481718,0.0008106572404721448,0.24457981499999998,0.0346253613,0.5011824275,0.043872571299999996,23.454113621714857,4.717254628821877,3.0326588533965415,3.0326588533965415,0.24560771889400923,0.07096571906354515,0.1159029728433793,0.07719869860584282
sim,2504,right,roll,touchdown,4,0.022339234745388882,0.00408619328551589,0.128809845,0.04242244,0.2731263275,0.057639605,26.10719315792273,18.549847770102993,8.57415185818094,8.574151858180938,0.29455128205128206,0.28409090909090906,0.04786325496937558,0.2251377430199135
sim,3505,left,pitch,swing,4,0.013773283505774996,0.010943735925093932,0.40012662499999996,0.16458769999999998,0.49942562500000004,0.30402189999999996,7.839828835903093,8.671707779905672,3.836268188044951,3.078486817566936,0.09505952380952382,0.09310344827586206,0.1882374006894887,0.9084712697811859
sim,3505,left,pitch,touchdown,4,0.029113662336100948,0.014271539829028655,0.337068875,0.14975994999999998,0.4350190749999999,0.22019414999999998,10.634753716895307,14.463631454761146,16.68607514172215,6.6833610514123505,0.12857142857142856,0.16433566433566432,0.24919860157139412,0.4977686823874255
sim,3505,left,roll,swing,4,0.021744812021812967,0.003451898129058051,0.3853271725,0.12125496000000002,0.596553425,0.17745172975,20.670931335821656,15.881325294594689,3.859948855872389,3.078486817566936,0.23164112388250319,0.1931908831908832,0.1796914969118089,0.2076712695080061
sim,3505,left,roll,touchdown,4,0.030756115383912486,0.00960362623599318,0.3560164825,0.1425655525,0.46811892499999996,0.178945055,23.412946167428426,21.351947385084372,6.6833610514123505,6.6833610514123505,0.26467282717282714,0.2611471861471862,0.2170418452101739,0.3967004561619853
sim,3505,right,pitch,swing,4,0.0477016966598319,0.004688171829922687,0.567696,0.14441875,0.9635175250000001,0.2157345,8.772541591299923,4.814814494075533,3.078486817566936,3.078486817566936,0.1449096880131363,0.05613026819923372,0.2016771231947963,0.14194916176424094
sim,3505,right,pitch,touchdown,4,0.05386482398335098,0.013359075132246018,0.40819252500000003,0.11892270000000002,0.576374775,0.1948734,20.07870813732516,16.249830399459324,6.6833610514123505,6.6833610514123505,0.33610139860139865,0.17673992673992672,0.24813078293271318,0.5492886640518733
sim,3505,right,roll,swing,4,0.012955014976869596,0.002147660670506004,0.20345227499999996,0.0493656425,0.41329643,0.06840055519999999,23.87240484758916,8.82295849699705,5.422872932483296,4.6414108941778425,0.2506674082313682,0.12048076923076924,0.07362971314758648,0.1974082378810722
sim,3505,right,roll,touchdown,4,0.025853035847694633,0.005775485258717397,0.1924005,0.06695200999999999,0.352555215,0.09483571249999999,32.243180950449165,17.77954949568802,11.684718096567249,6.6833610514123505,0.35210622710622713,0.22596153846153846,0.07486779841745286,0.293307701988013
sim,4005,left,pitch,swing,4,0.018720014996656164,0.008010024512668969,0.48677424999999996,0.208246,0.72595225,0.31355275,15.626650356422235,11.719987767316677,3.788278874284179,3.030623099427343,0.18923337438423646,0.1243047830923248,0.23068008182558913,0.46159312288375426
sim,4005,left,pitch,touchdown,4,0.042482403014446245,0.01581241326552578,0.42308275,0.13746024999999998,0.57361875,0.23782674999999995,21.19271438813835,14.067419749429778,12.03996203651961,8.349096047574166,0.25747863247863245,0.15544871794871795,0.27472695379687234,0.2661071234649898
sim,4005,left,roll,swing,4,0.03294398387224842,0.005153797295478992,0.384754825,0.1472019725,0.660656155,0.22592527075000002,26.5653056059178,11.719987767316676,6.818901973711522,3.030623099427343,0.29506380716058134,0.13947833775419982,0.14645210607153364,0.16656432795335857
sim,4005,left,roll,touchdown,4,0.034344678703688965,0.011421204527969065,0.357132515,0.17859881,0.43676521499999993,0.214244613,30.41530012230227,21.623162778908657,6.682253342889127,8.349096047574166,0.33653846153846156,0.24544205794205795,0.18473024314525044,0.7489472575307153
sim,4005,right,pitch,swing,4,0.039866073560557214,0.00609658850504801,0.64162775,0.22847305,0.9590419749999999,0.3037316,11.719987767316676,7.813325178211118,3.030623099427343,3.030623099427343,0.1501194743130227,0.08064516129032258,0.25427170157705503,0.16707737692585337
sim,4005,right,pitch,touchdown,4,0.06199223753923689,0.014623662624948176,0.4143827325,0.13289095,0.6982591324999999,0.21082035,31.84402244060373,12.794391529917576,11.682781456944243,6.682253342889127,0.35714285714285715,0.14373126873126874,0.25642394845521566,0.26154477477097393
sim,4005,right,roll,swing,4,0.01606890136518511,0.003473924355043633,0.22367590999999998,0.042825632499999995,0.542107886,0.10442133999999999,23.439975534633355,14.845317838601124,5.30359042399785,5.30359042399785,0.2527180406212664,0.21476190476190474,0.09981574882767323,0.25517989448968964
sim,4005,right,roll,touchdown,4,0.03147377582563004,0.0035389456034751058,0.21352865000000001,0.034350307749999996,0.41609210399999996,0.05417112975,30.31455688190922,17.776602691173956,11.801841650136032,6.682253342889127,0.35000000000000003,0.23484848484848483,0.07427048800637294,0.15828172116719247
sim,5008,left,pitch,swing,4,0.023308938716969936,0.010176763639301766,0.46422574999999994,0.19947825,0.7678281249999999,0.32934425,12.362450610739307,9.33141971458177,3.767894565306129,3.032423833150256,0.17291114058355436,0.09791840470893587,0.19161478715286717,0.7440660207817589
sim,5008,left,pitch,touchdown,4,0.03916729527546878,0.016776773134221185,0.383765,0.16098649999999998,0.514631,0.25253250000000005,14.838728178441563,14.99444322722768,13.27699783620435,6.8022287120464,0.1875,0.16346153846153846,0.25587213437813916,0.3077899671289843
sim,5008,left,roll,swing,4,0.022913512935414274,0.006401104171296872,0.39259096625,0.14790105,0.61003584125,0.24427780250000003,22.719745953733266,17.95855251226403,5.329376934144638,3.032423833150256,0.2521010999876406,0.20899556238265915,0.14828660835165086,0.2842448668290397
sim,5008,left,roll,touchdown,4,0.03170806378089407,0.013917802724581915,0.321354245,0.233326775,0.458724322,0.2762904375,27.277612663826535,14.344103905826847,6.8022287120464,8.588371918710662,0.2941849816849817,0.15865384615384615,0.19566314441498733,1.0624355008345385
sim,5008,right,pitch,swing,4,0.04698970779100873,0.006291662930362089,0.529012,0.154329,0.9999529,0.24285149999999997,12.68098384755828,6.2308767691423945,3.032423833150256,3.032423833150256,0.17314814814814816,0.07552583678835069,0.22842330232578123,0.26497757392068266
sim,5008,right,pitch,touchdown,4,0.04521376198494195,0.015570926005907182,0.339081325,0.12859245,0.551651575,0.22101764999999995,27.158536450048913,16.13024711249111,6.8022287120464,8.469295704933044,0.3101190476190476,0.1778846153846154,0.1748992277883854,0.38855757702394605
sim,5008,right,roll,swing,4,0.01651612611704436,0.0023562692998509646,0.24168957000000002,0.0450972776,0.4852505749999999,0.07200351835,22.59981857200526,10.993597947958484,7.5789701773865605,3.032423833150256,0.2476255668691709,0.1413999044433827,0.08442141778809642,0.1816878136050136
sim,5008,right,roll,touchdown,4,0.01761145696504104,0.007470867417354367,0.15451721999999998,0.06683301,0.23987865999999997,0.09546392825,32.67268111882782,18.447653426778587,9.92797932370886,6.8022287120464,0.3523351648351648,0.2490530303030303,0.04948471273615555,0.40433705637328926
